Timestamp,M1_Pressure,M1_Pressure_Flag,M1_Plunger_Position,M1_Valve_Position,M2_Pressure,M2_Pressure_Flag,M2_Plunger_Position,M2_Valve_Position,M3_Pressure,M3_Pressure_Flag,M3_Plunger_Position,M3_Valve_Position,M4_Pressure,M4_Pressure_Flag,M4_Plunger_Position,M4_Valve_Position,M5_Pressure,M5_Pressure_Flag,M5_Plunger_Position,M5_Valve_Position,M6_Pressure,M6_Pressure_Flag,M6_Plunger_Position,M6_Valve_Position
2025-09-22 13:28:58.192002,1.7340002059936523,False,-40.0,1,-26.163260579109192,False,-40.0,1,0.0,False,-40.0,1,0.0,False,-40.0,1,-17.717529296875,False,-40.0,1,0.0,False,-40.0,1
2025-09-22 13:28:58.214589,-19.073033332824707,False,-40.0,1,-10.46571934223175,False,-40.0,1,-17.57265615463257,False,-40.0,1,-15.48780632019043,False,-40.0,1,-19.489166259765625,False,-40.0,1,1.7531392574310303,False,-40.0,1
2025-09-22 13:28:58.233494,-24.274459838867188,False,-40.0,1,-5.232928395271301,False,-40.0,1,-8.786545276641846,False,-40.0,1,-10.32539975643158,False,-40.0,1,-19.489166259765625,False,-40.0,1,0.0,False,-40.0,1
2025-09-22 13:28:58.253971,-15.605341672897339,False,-40.0,1,8.72185504436493,False,-40.0,1,-7.029268741607666,False,-40.0,1,-1.7209539413452148,False,-40.0,1,-21.260772705078125,False,-40.0,1,0.0,False,-40.0,1
2025-09-22 13:28:58.274584,1.7340002059936523,False,-40.0,1,1.7443400621414185,False,-40.0,1,1.7573604583740234,False,-40.0,1,3.441974639892578,False,-40.0,1,-21.260772705078125,False,-40.0,1,1.7531392574310303,False,-40.0,1
2025-09-22 13:28:58.294645,5.2020463943481445,False,-40.0,1,-10.46571934223175,False,-40.0,1,0.0,False,-40.0,1,-1.7209539413452148,False,-40.0,1,-19.489166259765625,False,-40.0,1,0.0,False,-40.0,1
2025-09-22 13:28:58.315131,-5.201913833618164,False,-40.0,1,-12.209951519966125,False,-40.0,1,-1.7573437690734863,False,-40.0,1,-1.7209539413452148,False,-40.0,1,-19.489166259765625,False,-40.0,1,0.0,False,-40.0,1
2025-09-22 13:28:58.335470,-5.201913833618164,False,-40.0,1,-13.954168438911438,False,-40.0,1,-1.7573437690734863,False,-40.0,1,56.80370235443115,False,-40.0,1,-19.489166259765625,False,-40.0,1,0.0,False,-40.0,1
2025-09-22 13:28:58.356026,-5.201913833618164,False,-40.0,1,-66.2735606431961,False,-40.0,1,61.517929553985596,False,-40.0,1,-20.650015830993652,False,-40.0,1,-17.717529296875,False,-40.0,1,0.0,False,-40.0,1
2025-09-22 13:28:58.375900,-1.7339859008789062,False,-40.0,1,-22.67502510547638,False,-40.0,1,-15.815467357635498,False,-40.0,1,-32.69440937042236,False,-40.0,1,-17.717529296875,False,-40.0,1,0.0,False,-40.0,1
2025-09-22 13:28:58.396366,-1.7339859008789062,False,-40.0,1,-13.954168438911438,False,-40.0,1,-24.601239681243896,False,-40.0,1,-6.883686661720276,False,-40.0,1,-24.803939819335938,False,-40.0,1,0.0,False,-40.0,1
2025-09-22 13:28:58.419989,-1.7339859008789062,False,-40.0,1,0.0,False,-40.0,1,0.0,False,-40.0,1,0.0,False,-40.0,1,-26.575469970703125,False,-40.0,1,0.0,False,-40.0,1
2025-09-22 13:28:58.437892,-1.7339859008789062,False,-40.0,1,1.7443400621414185,False,-40.0,1,0.0,False,-40.0,1,0.0,False,-40.0,1,-26.575469970703125,False,-40.0,1,0.0,False,-40.0,1
2025-09-22 13:28:58.458286,-1.7339859008789062,False,-40.0,1,1.7443400621414185,False,-40.0,1,0.0,False,-40.0,1,0.0,False,-40.0,1,-26.575469970703125,False,-40.0,1,0.0,False,-40.0,1
2025-09-22 13:28:58.478416,0.0,False,-40.0,1,0.0,False,-40.0,1,0.0,False,-40.0,1,0.0,False,-40.0,1,-26.575469970703125,False,-40.0,1,0.0,False,-40.0,1
2025-09-22 13:28:58.498970,0.0,False,-40.0,1,1.7443400621414185,False,-40.0,1,-1.7573437690734863,False,-40.0,1,-1.7209539413452148,False,-40.0,1,-26.575469970703125,False,-40.0,1,0.0,False,-40.0,1
2025-09-22 13:28:58.519400,0.0,False,-40.0,1,1.7443400621414185,False,-40.0,1,-1.7573437690734863,False,-40.0,1,-1.7209539413452148,False,-40.0,1,-26.575469970703125,False,-40.0,1,0.0,False,-40.0,1
2025-09-22 13:28:58.540649,0.0,False,-40.0,1,1.7443400621414185,False,-40.0,1,-1.7573437690734863,False,-40.0,1,-1.7209539413452148,False,-40.0,1,-26.575469970703125,False,-40.0,1,0.0,False,-40.0,1
2025-09-22 13:28:58.560963,0.0,False,-40.0,1,0.0,False,-40.0,1,0.0,False,-40.0,1,-1.7209539413452148,False,-40.0,1,-26.575469970703125,False,-40.0,1,0.0,False,-40.0,1
2025-09-22 13:28:58.581421,0.0,False,-40.0,1,1.7443400621414185,False,-40.0,1,-1.7573437690734863,False,-40.0,1,-1.7209539413452148,False,-40.0,1,-26.575469970703125,False,-40.0,1,0.0,False,-40.0,1
2025-09-22 13:28:58.601875,0.0,False,-40.0,1,1.7443400621414185,False,-40.0,1,0.0,False,-40.0,1,0.0,False,-40.0,1,-26.575469970703125,False,-40.0,1,0.0,False,-40.0,1
2025-09-22 13:28:58.622236,0.0,False,-40.0,1,1.7443400621414185,False,-40.0,1,-1.7573437690734863,False,-40.0,1,0.0,False,-40.0,1,-26.575469970703125,False,-40.0,1,0.0,False,-40.0,1
2025-09-22 13:28:58.643246,0.0,False,-40.0,1,0.0,False,-40.0,1,0.0,False,-40.0,1,-1.7209539413452148,False,-40.0,1,-26.575469970703125,False,-40.0,1,0.0,False,-40.0,1
2025-09-22 13:28:58.663913,0.0,False,-40.0,1,0.0,False,-40.0,1,-1.7573437690734863,False,-40.0,1,-1.7209539413452148,False,-40.0,1,-26.575469970703125,False,-40.0,1,0.0,False,-40.0,1
2025-09-22 13:28:58.684124,0.0,False,-40.0,1,1.7443400621414185,False,-40.0,1,-1.7573437690734863,False,-40.0,1,-1.7209539413452148,False,-40.0,1,-26.575469970703125,False,-40.0,1,0.0,False,-40.0,1
2025-09-22 13:28:58.704560,0.0,False,-40.0,1,1.7443400621414185,False,-40.0,1,-1.7573437690734863,False,-40.0,1,-1.7209539413452148,False,-40.0,1,-24.803939819335938,False,-40.0,1,0.0,False,-40.0,1
2025-09-22 13:28:58.724779,0.0,False,-40.0,2,0.0,False,-40.0,2,-1.7573437690734863,False,-40.0,1,-1.7209539413452148,False,-40.0,1,-24.803939819335938,False,-40.0,1,0.0,False,-40.0,1
2025-09-22 13:28:58.744836,0.0,False,-40.0,2,0.0,False,-40.0,2,-1.7573437690734863,False,-40.0,2,0.0,False,-40.0,1,-24.803939819335938,False,-40.0,1,0.0,False,-40.0,1
2025-09-22 13:28:58.765132,0.0,False,-40.0,2,0.0,False,-40.0,2,-1.7573437690734863,False,-40.0,2,0.0,False,-40.0,1,-26.575469970703125,False,-40.0,1,0.0,False,-40.0,1
2025-09-22 13:28:58.785710,0.0,False,-40.0,2,0.0,False,-40.0,2,-1.7573437690734863,False,-40.0,2,0.0,False,-40.0,2,-24.803939819335938,False,-40.0,2,0.0,False,-40.0,1
2025-09-22 13:28:58.805787,0.0,False,-40.0,2,1.7443400621414185,False,-40.0,2,-3.5146689414978027,False,-40.0,2,-1.7209539413452148,False,-40.0,2,-24.803939819335938,False,-40.0,2,0.0,False,-40.0,2
2025-09-22 13:28:58.826212,0.0,False,-40.0,2,1.7443400621414185,False,-40.0,2,-1.7573437690734863,False,-40.0,2,-1.7209539413452148,False,-40.0,2,-26.575469970703125,False,-40.0,2,0.0,False,-40.0,2
2025-09-22 13:28:58.846514,0.0,False,-40.0,2,0.0,False,-40.0,2,-1.7573437690734863,False,-40.0,2,-1.7209539413452148,False,-40.0,2,-26.575469970703125,False,-40.0,2,0.0,False,-40.0,2
2025-09-22 13:28:58.867028,0.0,False,-40.0,2,0.0,False,-40.0,2,-1.7573437690734863,False,-40.0,2,-1.7209539413452148,False,-40.0,2,-24.803939819335938,False,-40.0,2,5.259477138519287,False,-40.0,2
2025-09-22 13:28:58.888226,0.0,False,-40.0,2,2460.1179798841476,False,-40.0,2,-1.7573437690734863,False,-40.0,2,0.0,False,-40.0,2,-26.575469970703125,False,-40.0,2,7.012676119804382,False,-40.0,2
2025-09-22 13:28:58.908514,362.731671333313,False,-40.0,2,3724.2793568372726,False,-40.0,2,868.5346722602844,False,-40.0,2,1017.3848257064819,False,-40.0,2,136.4986114501953,False,-40.0,2,7.012676119804382,False,-39.78666666666667,2
2025-09-22 13:28:58.929133,633.9154481887817,False,-40.0,2,3770.6382435560226,False,-39.50666666666667,2,942.7332196235657,False,-40.0,2,1064.1994009017944,False,-40.0,2,234.07728576660156,False,-40.0,2,7.012676119804382,False,-39.78666666666667,2
2025-09-22 13:28:58.949435,1565.189923286438,False,-40.0,2,3817.0112904310226,False,-39.50666666666667,2,1015.1972699165344,False,-39.77333333333333,2,1071.1361684799194,False,-39.45333333333333,2,271.35215759277344,False,-40.0,2,5.259477138519287,False,-39.78666666666667,2
2025-09-22 13:28:58.969938,2130.8760805130005,False,-40.0,2,3813.4434193372726,False,-39.50666666666667,2,1029.3402752876282,False,-39.77333333333333,2,1107.5597524642944,False,-39.45333333333333,2,525.4323577880859,False,-39.42666666666667,2,5.259477138519287,False,-39.78666666666667,2
2025-09-22 13:28:58.990213,2352.0621156692505,False,-40.0,2,3824.1465443372726,False,-39.50666666666667,2,1027.572147846222,False,-39.77333333333333,2,1105.825011253357,False,-39.45333333333333,2,730.0864105224609,False,-39.42666666666667,2,3.5062981843948364,False,-39.78666666666667,2
2025-09-22 13:28:59.010677,2366.1155824661255,False,-40.0,2,3800.9570912122726,False,-39.50666666666667,2,1050.557011127472,False,-39.77333333333333,2,1107.5597524642944,False,-39.45333333333333,2,817.3742523193359,False,-39.42666666666667,2,7.012676119804382,False,-38.906666666666666,2
2025-09-22 13:28:59.031180,2445.1898012161255,False,-39.16,2,3800.9570912122726,False,-38.6,2,1043.484501361847,False,-38.86666666666667,2,1104.0905141830444,False,-39.45333333333333,2,1115.2565155029297,False,-39.42666666666667,2,5.259477138519287,False,-38.906666666666666,2
2025-09-22 13:28:59.051239,2429.3716859817505,False,-39.16,2,3601.3186634778976,False,-38.6,2,999.2877240180969,False,-38.86666666666667,2,1102.355772972107,False,-38.53333333333333,2,1816.8389129638672,False,-39.42666666666667,2,8.765895128250122,False,-38.906666666666666,2
2025-09-22 13:28:59.071529,2425.8567934036255,False,-39.16,2,3795.6065052747726,False,-38.6,2,990.4497723579407,False,-38.86666666666667,2,1109.294493675232,False,-38.53333333333333,2,2429.815231323242,False,-38.53333333333333,2,5.259477138519287,False,-38.906666666666666,2
2025-09-22 13:28:59.093485,2373.1426820755005,False,-39.16,2,3838.4182728528976,False,-38.6,2,1036.4121136665344,False,-38.86666666666667,2,1102.355772972107,False,-38.53333333333333,2,2705.646286010742,False,-38.53333333333333,2,7.012676119804382,False,-38.013333333333335,2
2025-09-22 13:28:59.113703,2410.0406312942505,False,-38.306666666666665,2,3717.1482533216476,False,-37.72,2,965.7061810493469,False,-38.86666666666667,2,1078.0731801986694,False,-38.53333333333333,2,4613.607467651367,False,-38.53333333333333,2,8.765895128250122,False,-38.013333333333335,2
2025-09-22 13:28:59.133890,2445.1898012161255,False,-38.306666666666665,2,3761.7217396497726,False,-37.72,2,1024.0364422798157,False,-37.973333333333336,2,1091.948546409607,False,-38.53333333333333,2,6269.067916870117,False,-38.53333333333333,2,7.012676119804382,False,-38.013333333333335,2
2025-09-22 13:28:59.154428,2432.8865785598755,False,-38.306666666666665,2,3759.9385365247726,False,-37.72,2,995.7525067329407,False,-37.973333333333336,2,1060.731017112732,False,-37.666666666666664,2,8537.479049682617,True,-37.626666666666665,2,7.012676119804382,False,-38.013333333333335,2
2025-09-22 13:28:59.174314,2482.1038637161255,False,-38.306666666666665,2,3727.8445423841476,False,-37.72,2,1011.6616864204407,False,-37.973333333333336,2,1058.9970083236694,False,-37.666666666666664,2,11343.679244995117,True,-37.626666666666665,2,7.012676119804382,False,-37.120000000000005,2
2025-09-22 13:28:59.195504,2457.4932680130005,False,-38.306666666666665,2,3727.8445423841476,False,-37.72,2,997.5201458930969,False,-37.973333333333336,2,1091.948546409607,False,-37.666666666666664,2,14850.500534057617,True,-37.626666666666665,2,5.259477138519287,False,-37.120000000000005,2
2025-09-22 13:28:59.216417,2373.1426820755005,False,-38.306666666666665,2,3763.5049427747726,False,-37.72,2,1022.2688031196594,False,-37.973333333333336,2,1091.948546409607,False,-37.666666666666664,2,14850.500534057617,True,-37.626666666666665,2,7.012676119804382,False,-37.120000000000005,2
2025-09-22 13:28:59.236716,2367.8724184036255,False,-38.306666666666665,2,3749.2395619153976,False,-37.72,2,1020.5007977485657,False,-37.973333333333336,2,1081.5419301986694,False,-37.666666666666664,2,14850.500534057617,True,-37.626666666666665,2,8.765895128250122,False,-37.120000000000005,2
2025-09-22 13:28:59.256919,2381.9275941848755,False,-38.306666666666665,2,3836.6345814466476,False,-37.72,2,1008.1261639595032,False,-37.973333333333336,2,1083.2763051986694,False,-37.666666666666664,2,14850.500534057617,True,-37.626666666666665,2,7.012676119804382,False,-37.120000000000005,2
2025-09-22 13:28:59.277302,2388.9551820755005,False,-38.306666666666665,2,3711.8003529310226,False,-37.72,2,1015.1972699165344,False,-37.973333333333336,2,1086.7450551986694,False,-37.666666666666664,2,14850.500534057617,True,-37.626666666666665,2,8.765895128250122,False,-37.120000000000005,2
2025-09-22 13:28:59.297379,2329.2273988723755,False,-38.306666666666665,2,3775.9880970716476,False,-37.72,2,1043.484501361847,False,-37.973333333333336,2,1083.2763051986694,False,-37.666666666666664,2,14850.500534057617,True,-37.626666666666665,2,5.259477138519287,False,-37.120000000000005,2
2025-09-22 13:28:59.319388,2355.5752992630005,False,-38.306666666666665,2,3658.3311146497726,False,-37.72,2,1047.020634174347,False,-37.973333333333336,2,1112.7638540267944,False,-37.666666666666664,2,14850.500534057617,True,-37.626666666666665,2,7.012676119804382,False,-37.120000000000005,2
2025-09-22 13:28:59.339618,2332.7400941848755,False,-38.306666666666665,2,3629.8225697278976,False,-37.72,2,1038.1804242134094,False,-37.973333333333336,2,1065.9335317611694,False,-37.666666666666664,2,14850.500534057617,True,-37.626666666666665,2,5.259477138519287,False,-37.120000000000005,2
2025-09-22 13:28:59.359967,2306.3963441848755,False,-36.21333333333333,2,3713.5825794935226,False,-35.61333333333333,2,1038.1804242134094,False,-35.86666666666667,2,1078.0731801986694,False,-37.666666666666664,2,14850.500534057617,True,-37.626666666666665,2,8.765895128250122,False,-37.120000000000005,2
2025-09-22 13:28:59.380158,2266.0101137161255,False,-36.21333333333333,2,3758.1553333997726,False,-35.61333333333333,2,1025.8043866157532,False,-35.86666666666667,2,1093.682921409607,False,-35.57333333333333,2,14850.500534057617,True,-37.10666666666667,2,7.012676119804382,False,-37.120000000000005,2
2025-09-22 13:28:59.401114,2294.1038637161255,False,-36.21333333333333,2,3652.9856556653976,False,-35.61333333333333,2,988.6821942329407,False,-35.86666666666667,2,1062.4652700424194,False,-35.57333333333333,2,14663.562057495117,True,-37.10666666666667,2,7.012676119804382,False,-35.02666666666667,2
2025-09-22 13:28:59.423777,2313.4212465286255,False,-36.21333333333333,2,3745.6741322278976,False,-35.61333333333333,2,1002.8231244087219,False,-35.86666666666667,2,1065.9335317611694,False,-35.57333333333333,2,14640.445846557617,True,-37.10666666666667,2,7.012676119804382,False,-35.02666666666667,2
2025-09-22 13:28:59.442102,2330.9839906692505,False,-36.21333333333333,2,3626.2590931653976,False,-35.61333333333333,2,1009.8939251899719,False,-35.86666666666667,2,1057.262999534607,False,-35.57333333333333,2,14534.530807495117,True,-37.10666666666667,2,3.5062981843948364,False,-35.02666666666667,2
2025-09-22 13:28:59.462468,2318.6893129348755,False,-36.21333333333333,2,3820.5786732435226,False,-35.61333333333333,2,992.2173504829407,False,-35.86666666666667,2,1102.355772972107,False,-35.57333333333333,2,14353.634323120117,True,-37.10666666666667,2,7.012676119804382,False,-35.02666666666667,2
2025-09-22 13:28:59.482620,2366.1155824661255,False,-36.21333333333333,2,3804.5247181653976,False,-35.61333333333333,2,1022.2688031196594,False,-35.86666666666667,2,1050.326964378357,False,-35.57333333333333,2,14334.397994995117,True,-37.10666666666667,2,7.012676119804382,False,-35.02666666666667,2
2025-09-22 13:28:59.503085,2357.3321352005005,False,-36.21333333333333,2,3856.2605580091476,False,-35.61333333333333,2,1002.8231244087219,False,-35.86666666666667,2,1128.377257347107,False,-35.57333333333333,2,14240.168502807617,True,-37.10666666666667,2,5.259477138519287,False,-35.02666666666667,2
2025-09-22 13:28:59.527739,2343.2794008255005,False,-36.21333333333333,2,3604.8816517591476,False,-35.61333333333333,2,1025.8043866157532,False,-35.86666666666667,2,1086.7450551986694,False,-35.57333333333333,2,14074.886276245117,True,-37.10666666666667,2,8.765895128250122,False,-35.02666666666667,2
2025-09-22 13:28:59.546535,2357.3321352005005,False,-36.21333333333333,2,3850.9080189466476,False,-35.61333333333333,2,1015.1972699165344,False,-35.86666666666667,2,1086.7450551986694,False,-35.57333333333333,2,13986.532760620117,True,-37.10666666666667,2,8.765895128250122,False,-35.02666666666667,2
2025-09-22 13:28:59.566944,2373.1426820755005,False,-36.21333333333333,2,3792.0388783216476,False,-35.61333333333333,2,1045.2526898384094,False,-35.86666666666667,2,1086.7450551986694,False,-35.57333333333333,2,13969.250534057617,True,-37.10666666666667,2,8.765895128250122,False,-35.02666666666667,2
2025-09-22 13:28:59.587021,2320.4459047317505,False,-36.21333333333333,2,3663.6773060560226,False,-35.61333333333333,2,1027.572147846222,False,-35.86666666666667,2,1147.4628286361694,False,-35.57333333333333,2,13811.852096557617,True,-37.10666666666667,2,5.259477138519287,False,-35.02666666666667,2
2025-09-22 13:28:59.607342,2315.1773500442505,False,-36.21333333333333,2,3661.8955677747726,False,-35.61333333333333,2,999.2877240180969,False,-35.86666666666667,2,1048.5929555892944,False,-35.57333333333333,2,13710.180221557617,True,-37.10666666666667,2,7.012676119804382,False,-35.02666666666667,2
2025-09-22 13:28:59.627540,2313.4212465286255,False,-36.21333333333333,2,3706.4526966810226,False,-35.61333333333333,2,1011.6616864204407,False,-35.86666666666667,2,1081.5419301986694,False,-35.57333333333333,2,13679.497604370117,True,-37.10666666666667,2,8.765895128250122,False,-35.02666666666667,2
2025-09-22 13:28:59.651166,2301.1280336380005,False,-36.21333333333333,2,3672.5877064466476,False,-35.61333333333333,2,999.2877240180969,False,-35.86666666666667,2,1060.731017112732,False,-35.57333333333333,2,13545.309127807617,True,-37.10666666666667,2,7.012676119804382,False,-35.02666666666667,2
2025-09-22 13:28:59.669140,2280.0562562942505,False,-36.21333333333333,2,3599.5376576185226,False,-35.61333333333333,2,997.5201458930969,False,-35.86666666666667,2,1074.6046743392944,False,-35.57333333333333,2,13516.565963745117,True,-37.10666666666667,2,8.765895128250122,False,-35.02666666666667,2
2025-09-22 13:28:59.689264,2297.6158266067505,False,-36.21333333333333,2,3572.8206166028976,False,-35.61333333333333,2,939.1992840766907,False,-35.86666666666667,2,1090.213927268982,False,-35.57333333333333,2,13438.020065307617,True,-37.10666666666667,2,5.259477138519287,False,-35.02666666666667,2
2025-09-22 13:28:59.709479,2280.0562562942505,False,-36.21333333333333,2,3686.8460072278976,False,-35.61333333333333,2,985.1473431587219,False,-35.86666666666667,2,1076.338927268982,False,-35.57333333333333,2,13361.419479370117,True,-37.10666666666667,2,5.259477138519287,False,-35.02666666666667,2
2025-09-22 13:28:59.729570,2323.9583559036255,False,-36.21333333333333,2,3665.4592884778976,False,-35.61333333333333,2,995.7525067329407,False,-35.86666666666667,2,1086.7450551986694,False,-35.57333333333333,2,13298.242721557617,True,-37.10666666666667,2,5.259477138519287,False,-35.02666666666667,2
2025-09-22 13:28:59.751179,2287.0799379348755,False,-36.21333333333333,2,3784.9048451185226,False,-35.61333333333333,2,1013.4293866157532,False,-35.86666666666667,2,1038.189513206482,False,-35.57333333333333,2,13170.037643432617,True,-37.10666666666667,2,7.012676119804382,False,-35.02666666666667,2
2025-09-22 13:28:59.771247,2336.2535219192505,False,-36.21333333333333,2,3836.6345814466476,False,-35.61333333333333,2,946.2673993110657,False,-35.86666666666667,2,1126.642638206482,False,-35.57333333333333,2,13095.444869995117,True,-37.10666666666667,2,5.259477138519287,False,-35.02666666666667,2
2025-09-22 13:28:59.791585,2308.1526918411255,False,-36.21333333333333,2,3845.5552357435226,False,-35.61333333333333,2,1002.8231244087219,False,-35.86666666666667,2,1114.4987173080444,False,-35.57333333333333,2,13034.260299682617,True,-37.10666666666667,2,5.259477138519287,False,-35.02666666666667,2
2025-09-22 13:28:59.811976,2346.7925844192505,False,-36.21333333333333,2,3686.8460072278976,False,-35.61333333333333,2,997.5201458930969,False,-35.86666666666667,2,1072.870421409607,False,-35.57333333333333,2,12961.630416870117,True,-37.10666666666667,2,3.5062981843948364,False,-35.02666666666667,2
2025-09-22 13:28:59.832461,2353.8187074661255,False,-31.44,2,3695.7576283216476,False,-35.61333333333333,2,1011.6616864204407,False,-35.86666666666667,2,1083.2763051986694,False,-35.57333333333333,2,12950.165573120117,True,-37.10666666666667,2,7.012676119804382,False,-35.02666666666667,2
2025-09-22 13:28:59.853548,2348.5489320755005,False,-31.44,2,3745.6741322278976,False,-35.61333333333333,2,1055.861698627472,False,-35.86666666666667,2,1081.5419301986694,False,-35.57333333333333,2,12808.804244995117,True,-37.10666666666667,2,7.012676119804382,False,-35.02666666666667,2
2025-09-22 13:28:59.873766,2330.9839906692505,False,-31.44,2,3679.7168568372726,False,-30.85333333333333,2,1015.1972699165344,False,-31.12,2,1222.0941762924194,False,-35.57333333333333,2,12751.523971557617,True,-37.10666666666667,2,5.259477138519287,False,-35.02666666666667,2
2025-09-22 13:28:59.894128,2325.7147035598755,False,-31.44,2,3636.9495228528976,False,-30.85333333333333,2,999.2877240180969,False,-31.12,2,1048.5929555892944,False,-30.76,2,12678.990768432617,True,-37.10666666666667,2,8.765895128250122,False,-35.02666666666667,2
2025-09-22 13:28:59.914549,2334.4964418411255,False,-31.44,2,3726.0620716810226,False,-30.85333333333333,2,1031.1081585884094,False,-31.12,2,1149.198058128357,False,-30.76,2,12608.391159057617,True,-37.10666666666667,2,7.012676119804382,False,-35.02666666666667,2
2025-09-22 13:28:59.934885,2271.2774477005005,False,-31.44,2,3690.4107044935226,False,-30.85333333333333,2,1013.4293866157532,False,-31.12,2,1067.6676626205444,False,-30.76,2,12526.373580932617,True,-37.10666666666667,2,7.012676119804382,False,-30.10666666666667,2
2025-09-22 13:28:59.955788,2280.0562562942505,False,-31.44,2,3679.7168568372726,False,-30.85333333333333,2,978.0774579048157,False,-31.12,2,1055.528868675232,False,-30.76,2,12459.641159057617,True,-37.10666666666667,2,8.765895128250122,False,-30.10666666666667,2
2025-09-22 13:28:59.977921,2288.8360414505005,False,-31.44,2,3674.3701771497726,False,-30.85333333333333,2,990.4497723579407,False,-31.12,2,1098.886534690857,False,-30.76,2,12402.458541870117,True,-37.10666666666667,2,7.012676119804382,False,-30.10666666666667,2
2025-09-22 13:28:59.998045,2329.2273988723755,False,-31.44,2,3674.3701771497726,False,-30.85333333333333,2,1006.3584027290344,False,-31.12,2,1045.1249380111694,False,-30.76,2,12335.764205932617,True,-37.10666666666667,2,7.012676119804382,False,-30.10666666666667,2
2025-09-22 13:29:00.018699,2346.7925844192505,False,-31.44,2,3775.9880970716476,False,-30.85333333333333,2,979.8449139595032,False,-31.12,2,1083.2763051986694,False,-30.76,2,12263.377487182617,True,-37.10666666666667,2,5.259477138519287,False,-30.10666666666667,2
2025-09-22 13:29:00.039125,2315.1773500442505,False,-31.44,2,3792.0388783216476,False,-30.85333333333333,2,1018.7330365180969,False,-31.12,2,1095.417540550232,False,-30.76,2,12206.249557495117,True,-37.10666666666667,2,5.259477138519287,False,-30.10666666666667,2
2025-09-22 13:29:00.059450,2366.1155824661255,False,-31.44,2,3697.5400990247726,False,-30.85333333333333,2,963.9389081001282,False,-31.12,2,1072.870421409607,False,-30.76,2,12132.007369995117,True,-37.10666666666667,2,8.765895128250122,False,-30.10666666666667,2
2025-09-22 13:29:00.082836,2315.1773500442505,False,-31.44,2,3761.7217396497726,False,-30.85333333333333,2,1018.7330365180969,False,-31.12,2,1201.262999534607,False,-30.76,2,12118.684127807617,True,-37.10666666666667,2,7.012676119804382,False,-30.10666666666667,2
2025-09-22 13:29:00.100714,2338.0098695755005,False,-31.44,2,3783.1216419935226,False,-30.85333333333333,2,1022.2688031196594,False,-31.12,2,1166.551085472107,False,-30.76,2,11991.211471557617,True,-37.10666666666667,2,7.012676119804382,False,-30.10666666666667,2
2025-09-22 13:29:00.121203,2348.5489320755005,False,-31.44,2,3704.6699818372726,False,-30.85333333333333,2,1025.8043866157532,False,-31.12,2,1086.7450551986694,False,-30.76,2,11926.553268432617,True,-37.10666666666667,2,3.5062981843948364,False,-30.10666666666667,2
2025-09-22 13:29:00.141415,2355.5752992630005,False,-31.44,2,3740.3247669935226,False,-30.85333333333333,2,1032.876102924347,False,-31.12,2,1065.9335317611694,False,-30.76,2,11873.320846557617,True,-37.10666666666667,2,7.012676119804382,False,-30.10666666666667,2
2025-09-22 13:29:00.161644,2320.4459047317505,False,-31.44,2,3599.5376576185226,False,-30.85333333333333,2,1057.630009174347,False,-31.12,2,1065.9335317611694,False,-30.76,2,11863.817916870117,True,-37.10666666666667,2,10.519134044647217,False,-30.10666666666667,2
2025-09-22 13:29:00.184842,2332.7400941848755,False,-31.44,2,3640.5129994153976,False,-30.85333333333333,2,972.7753949165344,False,-31.12,2,1053.7948598861694,False,-30.76,2,11734.606002807617,True,-37.10666666666667,2,10.519134044647217,False,-30.10666666666667,2
2025-09-22 13:29:00.205224,2299.3716859817505,False,-31.44,2,3713.5825794935226,False,-30.85333333333333,2,1032.876102924347,False,-31.12,2,1012.1843252182007,False,-30.76,2,11673.829635620117,True,-37.10666666666667,2,8.765895128250122,False,-30.10666666666667,2
2025-09-22 13:29:00.225527,2260.7432680130005,False,-31.44,2,3690.4107044935226,False,-30.85333333333333,2,1070.008427143097,False,-31.12,2,1064.1994009017944,False,-30.76,2,11624.462448120117,True,-37.10666666666667,2,8.765895128250122,False,-30.10666666666667,2
2025-09-22 13:29:00.245843,2287.0799379348755,False,-31.44,2,3681.4988392591476,False,-30.85333333333333,2,988.6821942329407,False,-31.12,2,1043.3910512924194,False,-30.76,2,11563.718307495117,True,-37.10666666666667,2,7.012676119804382,False,-30.10666666666667,2
2025-09-22 13:29:00.265935,2306.3963441848755,False,-31.44,2,3644.0762318372726,False,-30.85333333333333,2,1091.230350971222,False,-31.12,2,1107.5597524642944,False,-30.76,2,11504.891159057617,True,-37.10666666666667,2,7.012676119804382,False,-30.10666666666667,2
2025-09-22 13:29:00.289114,2334.4964418411255,False,-31.44,2,3670.8062123060226,False,-30.85333333333333,2,1022.2688031196594,False,-31.12,2,1102.355772972107,False,-30.76,2,11436.597213745117,True,-37.10666666666667,2,7.012676119804382,False,-30.10666666666667,2
2025-09-22 13:29:00.307660,2318.6893129348755,False,-31.44,2,3752.8059681653976,False,-30.85333333333333,2,986.9147992134094,False,-31.12,2,1090.213927268982,False,-30.76,2,11389.185104370117,True,-37.10666666666667,2,7.012676119804382,False,-30.10666666666667,2
2025-09-22 13:29:00.328044,2338.0098695755005,False,-31.44,2,3759.9385365247726,False,-30.85333333333333,2,983.3798260688782,False,-31.12,2,1055.528868675232,False,-30.76,2,11356.949752807617,True,-37.10666666666667,2,7.012676119804382,False,-30.10666666666667,2
2025-09-22 13:29:00.348269,2345.0357484817505,False,-31.44,2,3751.0227650403976,False,-30.85333333333333,2,1008.1261639595032,False,-31.12,2,1143.9926137924194,False,-30.76,2,11300.078659057617,True,-37.10666666666667,2,7.012676119804382,False,-30.10666666666667,2
2025-09-22 13:29:00.368990,2336.2535219192505,False,-31.44,2,3667.2417591810226,False,-30.85333333333333,2,971.0079998970032,False,-31.12,2,1194.3200063705444,False,-30.76,2,11197.753463745117,True,-37.10666666666667,2,8.765895128250122,False,-30.10666666666667,2
2025-09-22 13:29:00.390537,2332.7400941848755,False,-31.44,2,3729.6275013685226,False,-30.85333333333333,2,1029.3402752876282,False,-31.12,2,1083.2763051986694,False,-30.76,2,11142.820846557617,True,-37.10666666666667,2,7.012676119804382,False,-30.10666666666667,2
2025-09-22 13:29:00.411230,2369.6287660598755,False,-31.44,2,3711.8003529310226,False,-30.85333333333333,2,1015.1972699165344,False,-31.12,2,1074.6046743392944,False,-30.76,2,11133.352096557617,True,-37.10666666666667,2,5.259477138519287,False,-30.10666666666667,2
2025-09-22 13:29:00.431461,2309.9087953567505,False,-31.44,2,3711.8003529310226,False,-30.85333333333333,2,1020.5007977485657,False,-31.12,2,1072.870421409607,False,-30.76,2,11078.439010620117,True,-37.10666666666667,2,7.012676119804382,False,-30.10666666666667,2
2025-09-22 13:29:00.451937,2311.6648988723755,False,-31.44,2,3683.2815541028976,False,-30.85333333333333,2,1008.1261639595032,False,-31.12,2,1064.1994009017944,False,-30.76,2,10978.120651245117,True,-37.10666666666667,2,8.765895128250122,False,-30.10666666666667,2
2025-09-22 13:29:00.472333,2285.3240785598755,False,-31.44,2,3654.7676380872726,False,-30.85333333333333,2,1020.5007977485657,False,-31.12,2,1079.807433128357,False,-30.76,2,10925.143112182617,True,-37.10666666666667,2,7.012676119804382,False,-30.10666666666667,2
2025-09-22 13:29:00.493544,2327.4710512161255,False,-31.44,2,3704.6699818372726,False,-30.85333333333333,2,1004.5908246040344,False,-31.12,2,1124.9076528549194,False,-30.76,2,10862.723190307617,True,-37.10666666666667,2,8.765895128250122,False,-30.10666666666667,2
2025-09-22 13:29:00.514534,2276.5447816848755,False,-31.44,2,3619.1331166028976,False,-30.85333333333333,2,1024.0364422798157,False,-31.12,2,1041.657042503357,False,-30.76,2,10811.666549682617,True,-37.10666666666667,2,7.012676119804382,False,-30.10666666666667,2
2025-09-22 13:29:00.534978,2239.6768617630005,False,-31.44,2,3706.4526966810226,False,-30.85333333333333,2,1047.020634174347,False,-31.12,2,1064.1994009017944,False,-30.76,2,10758.731979370117,True,-37.10666666666667,2,8.765895128250122,False,-30.10666666666667,2
2025-09-22 13:29:00.555346,2290.5916566848755,False,-31.44,2,3661.8955677747726,False,-30.85333333333333,2,1002.8231244087219,False,-31.12,2,1088.479552268982,False,-30.76,2,10713.372604370117,True,-37.10666666666667,2,8.765895128250122,False,-30.10666666666667,2
2025-09-22 13:29:00.575709,2302.8841371536255,False,-31.44,2,3595.9754017591476,False,-30.85333333333333,2,1008.1261639595032,False,-31.12,2,1121.437804222107,False,-30.76,2,10664.244674682617,True,-37.10666666666667,2,8.765895128250122,False,-30.10666666666667,2
2025-09-22 13:29:00.595966,2315.1773500442505,False,-31.44,2,3706.4526966810226,False,-30.85333333333333,2,1022.2688031196594,False,-31.12,2,1053.7948598861694,False,-30.76,2,10652.909713745117,True,-37.10666666666667,2,7.012676119804382,False,-30.10666666666667,2
2025-09-22 13:29:00.617494,2346.7925844192505,False,-31.44,2,3738.5418080091476,False,-30.85333333333333,2,1009.8939251899719,False,-31.12,2,1057.262999534607,False,-30.76,2,10575.468307495117,True,-37.10666666666667,2,10.519134044647217,False,-30.10666666666667,2
2025-09-22 13:29:00.636624,2350.3057680130005,False,-31.44,2,3800.9570912122726,False,-30.85333333333333,2,962.1716961860657,False,-31.12,2,1143.9926137924194,False,-30.76,2,10524.486862182617,True,-37.10666666666667,2,7.012676119804382,False,-30.10666666666667,2
2025-09-22 13:29:00.656738,2336.2535219192505,False,-31.44,2,3708.2354115247726,False,-30.85333333333333,2,1004.5908246040344,False,-31.12,2,1112.7638540267944,False,-30.76,2,10475.408737182617,True,-37.10666666666667,2,10.519134044647217,False,-30.10666666666667,2
2025-09-22 13:29:00.677080,2380.1705141067505,False,-31.44,2,3706.4526966810226,False,-30.85333333333333,2,1016.9651532173157,False,-31.12,2,1079.807433128357,False,-30.76,2,10381.059127807617,True,-37.10666666666667,2,7.012676119804382,False,-30.10666666666667,2
2025-09-22 13:29:00.697519,2336.2535219192505,False,-31.44,2,3669.0239857435226,False,-30.85333333333333,2,1022.2688031196594,False,-31.12,2,1038.189513206482,False,-30.76,2,10375.398971557617,True,-37.10666666666667,2,8.765895128250122,False,-30.10666666666667,2
2025-09-22 13:29:00.717810,2288.8360414505005,False,-31.44,2,3670.8062123060226,False,-30.85333333333333,2,995.7525067329407,False,-31.12,2,1067.6676626205444,False,-30.76,2,10324.470260620117,True,-37.10666666666667,2,7.012676119804382,False,-30.10666666666667,2
2025-09-22 13:29:00.739533,2295.8599672317505,False,-31.44,2,3695.7576283216476,False,-30.85333333333333,2,1032.876102924347,False,-31.12,2,1036.4557485580444,False,-30.76,2,10307.497604370117,True,-37.10666666666667,2,10.519134044647217,False,-30.10666666666667,2
2025-09-22 13:29:00.760876,2287.0799379348755,False,-31.44,2,3665.4592884778976,False,-30.85333333333333,2,1024.0364422798157,False,-31.12,2,1015.6513051986694,False,-30.76,2,10211.344284057617,True,-37.10666666666667,2,10.519134044647217,False,-30.10666666666667,2
2025-09-22 13:29:00.781191,2320.4459047317505,False,-31.44,2,3697.5400990247726,False,-30.85333333333333,2,1001.0554242134094,False,-31.12,2,1145.7277212142944,False,-30.76,2,10169.882369995117,True,-37.10666666666667,2,5.259477138519287,False,-30.10666666666667,2
2025-09-22 13:29:00.801549,2285.3240785598755,False,-31.44,2,3717.1482533216476,False,-30.85333333333333,2,1032.876102924347,False,-31.12,2,1046.8588247299194,False,-30.76,2,10126.544479370117,True,-37.10666666666667,2,8.765895128250122,False,-30.10666666666667,2
2025-09-22 13:29:00.821867,2262.4988832473755,False,-22.200000000000003,2,3677.9348744153976,False,-30.85333333333333,2,986.9147992134094,False,-31.12,2,1088.479552268982,False,-30.76,2,10070.032760620117,True,-37.10666666666667,2,7.012676119804382,False,-30.10666666666667,2
2025-09-22 13:29:00.843716,2332.7400941848755,False,-22.200000000000003,2,3571.0393666028976,False,-21.6,2,988.6821942329407,False,-31.12,2,1102.355772972107,False,-30.76,2,10032.365768432617,True,-37.10666666666667,2,8.765895128250122,False,-30.10666666666667,2
2025-09-22 13:29:00.863712,2323.9583559036255,False,-22.200000000000003,2,3571.0393666028976,False,-21.6,2,1048.788944721222,False,-31.12,2,1060.731017112732,False,-30.76,2,9983.411666870117,True,-37.10666666666667,2,7.012676119804382,False,-30.10666666666667,2
2025-09-22 13:29:00.882865,2313.4212465286255,False,-22.200000000000003,2,3701.1050404310226,False,-21.6,2,983.3798260688782,False,-21.866666666666667,2,1123.1727895736694,False,-21.53333333333333,2,9932.587448120117,True,-37.10666666666667,2,8.765895128250122,False,-30.10666666666667,2
2025-09-22 13:29:00.902914,2311.6648988723755,False,-22.200000000000003,2,3742.1074818372726,False,-21.6,2,986.9147992134094,False,-21.866666666666667,2,1067.6676626205444,False,-21.53333333333333,2,9883.658737182617,True,-37.10666666666667,2,10.519134044647217,False,-21.0,2
2025-09-22 13:29:00.923117,2322.2022523880005,False,-22.200000000000003,2,3818.7952259778976,False,-21.6,2,1006.3584027290344,False,-21.866666666666667,2,1098.886534690857,False,-21.53333333333333,2,9853.555221557617,True,-37.10666666666667,2,8.765895128250122,False,-21.0,2
2025-09-22 13:29:00.943521,2355.5752992630005,False,-22.200000000000003,2,3765.2881458997726,False,-21.6,2,988.6821942329407,False,-21.866666666666667,2,1091.948546409607,False,-21.53333333333333,2,9804.646041870117,True,-37.10666666666667,2,5.259477138519287,False,-21.0,2
2025-09-22 13:29:00.964140,2346.7925844192505,False,-22.200000000000003,2,3722.4963978528976,False,-21.6,2,992.2173504829407,False,-21.866666666666667,2,1093.682921409607,False,-21.53333333333333,2,9753.869674682617,True,-37.10666666666667,2,8.765895128250122,False,-21.0,2
2025-09-22 13:29:00.984492,2338.0098695755005,False,-22.200000000000003,2,3620.9146107435226,False,-21.6,2,1008.1261639595032,False,-21.866666666666667,2,1086.7450551986694,False,-21.53333333333333,2,9708.748580932617,True,-37.10666666666667,2,7.012676119804382,False,-21.0,2
2025-09-22 13:29:01.004613,2290.5916566848755,False,-22.200000000000003,2,3620.9146107435226,False,-21.6,2,1011.6616864204407,False,-21.866666666666667,2,1057.262999534607,False,-21.53333333333333,2,9673.031784057617,True,-37.10666666666667,2,8.765895128250122,False,-21.0,2
2025-09-22 13:29:01.025351,2258.9874086380005,False,-22.200000000000003,2,3638.7310169935226,False,-21.6,2,1048.788944721222,False,-21.866666666666667,2,1078.0731801986694,False,-21.53333333333333,2,9620.411666870117,True,-37.10666666666667,2,10.519134044647217,False,-21.0,2
2025-09-22 13:29:01.045514,2302.8841371536255,False,-22.200000000000003,2,3649.4219349622726,False,-21.6,2,993.9848675727844,False,-21.866666666666667,2,994.8501577377319,False,-21.53333333333333,2,9569.684127807617,True,-37.10666666666667,2,5.259477138519287,False,-21.0,2
2025-09-22 13:29:01.065750,2359.0887269973755,False,-22.200000000000003,2,3727.8445423841476,False,-21.6,2,1006.3584027290344,False,-21.866666666666667,2,1126.642638206482,False,-21.53333333333333,2,9564.050338745117,True,-37.10666666666667,2,8.765895128250122,False,-21.0,2
2025-09-22 13:29:01.088395,2288.8360414505005,False,-22.200000000000003,2,3603.1001576185226,False,-21.6,2,992.2173504829407,False,-21.866666666666667,2,1062.4652700424194,False,-21.53333333333333,2,9479.537643432617,True,-37.10666666666667,2,8.765895128250122,False,-21.0,2
2025-09-22 13:29:01.108505,2292.3480043411255,False,-22.200000000000003,2,3651.2039173841476,False,-21.6,2,1013.4293866157532,False,-21.866666666666667,2,1019.1185903549194,False,-21.53333333333333,2,9443.866744995117,True,-37.10666666666667,2,7.012676119804382,False,-21.0,2
2025-09-22 13:29:01.128926,2269.5218324661255,False,-22.200000000000003,2,3624.4775990247726,False,-21.6,2,1020.5007977485657,False,-21.866666666666667,2,1123.1727895736694,False,-21.53333333333333,2,9402.569869995117,True,-37.10666666666667,2,8.765895128250122,False,-21.0,2
2025-09-22 13:29:01.149651,2338.0098695755005,False,-22.200000000000003,2,3590.6311634778976,False,-21.6,2,1038.1804242134094,False,-21.866666666666667,2,1076.338927268982,False,-21.53333333333333,2,9396.939987182617,True,-37.10666666666667,2,10.519134044647217,False,-21.0,2
2025-09-22 13:29:01.169765,2285.3240785598755,False,-22.200000000000003,2,3724.2793568372726,False,-21.6,2,1008.1261639595032,False,-21.866666666666667,2,1091.948546409607,False,-21.53333333333333,2,9321.883346557617,True,-37.10666666666667,2,8.765895128250122,False,-21.0,2
2025-09-22 13:29:01.190006,2353.8187074661255,False,-22.200000000000003,2,3683.2815541028976,False,-21.6,2,997.5201458930969,False,-21.866666666666667,2,1109.294493675232,False,-21.53333333333333,2,9280.613815307617,True,-37.10666666666667,2,7.012676119804382,False,-21.0,2
2025-09-22 13:29:01.210031,2348.5489320755005,False,-22.200000000000003,2,3820.5786732435226,False,-21.6,2,993.9848675727844,False,-21.866666666666667,2,1163.080138206482,False,-21.53333333333333,2,9241.229049682617,True,-37.10666666666667,2,12.272392749786377,False,-21.0,2
2025-09-22 13:29:01.230511,2352.0621156692505,False,-22.200000000000003,2,3665.4592884778976,False,-21.6,2,979.8449139595032,False,-21.866666666666667,2,1083.2763051986694,False,-21.53333333333333,2,9196.230026245117,True,-37.10666666666667,2,8.765895128250122,False,-21.0,2
2025-09-22 13:29:01.250962,2315.1773500442505,False,-22.200000000000003,2,3665.4592884778976,False,-21.6,2,1036.4121136665344,False,-21.866666666666667,2,1083.2763051986694,False,-21.53333333333333,2,9196.230026245117,True,-37.10666666666667,2,7.012676119804382,False,-21.0,2
2025-09-22 13:29:01.271325,2345.0357484817505,False,-22.200000000000003,2,3683.2815541028976,False,-21.6,2,1004.5908246040344,False,-21.866666666666667,2,1071.1361684799194,False,-21.53333333333333,2,9123.128463745117,True,-37.10666666666667,2,7.012676119804382,False,-21.0,2
2025-09-22 13:29:01.291570,2278.3006410598755,False,-22.200000000000003,2,3708.2354115247726,False,-21.6,2,1045.2526898384094,False,-21.866666666666667,2,1111.0292348861694,False,-21.53333333333333,2,9083.777877807617,True,-37.10666666666667,2,7.012676119804382,False,-21.0,2
2025-09-22 13:29:01.312365,2278.3006410598755,False,-22.200000000000003,2,3701.1050404310226,False,-21.6,2,1045.2526898384094,False,-21.866666666666667,2,1078.0731801986694,False,-21.53333333333333,2,9044.434127807617,True,-37.10666666666667,2,8.765895128250122,False,-21.0,2
2025-09-22 13:29:01.332557,2327.4710512161255,False,-17.413333333333334,2,3660.1135853528976,False,-21.6,2,1034.644169330597,False,-21.866666666666667,2,1057.262999534607,False,-21.53333333333333,2,9040.688034057617,True,-37.10666666666667,2,8.765895128250122,False,-21.0,2
2025-09-22 13:29:01.352849,2315.1773500442505,False,-17.413333333333334,2,3724.2793568372726,False,-16.826666666666668,2,1011.6616864204407,False,-21.866666666666667,2,1048.5929555892944,False,-21.53333333333333,2,8969.520065307617,True,-37.10666666666667,2,8.765895128250122,False,-21.0,2
2025-09-22 13:29:01.373130,2197.5518617630005,False,-17.413333333333334,2,3558.5733021497726,False,-16.826666666666668,2,976.3101239204407,False,-17.093333333333334,2,1057.262999534607,False,-21.53333333333333,2,8928.328659057617,True,-37.10666666666667,2,8.765895128250122,False,-21.0,2
2025-09-22 13:29:01.394339,2304.6402406692505,False,-17.413333333333334,2,3654.7676380872726,False,-16.826666666666668,2,1054.0935101509094,False,-17.093333333333334,2,1138.787413597107,False,-16.773333333333333,2,8896.506393432617,True,-37.10666666666667,2,12.272392749786377,False,-21.0,2
2025-09-22 13:29:01.415339,2304.6402406692505,False,-17.413333333333334,2,3572.8206166028976,False,-16.826666666666668,2,1011.6616864204407,False,-17.093333333333334,2,1074.6046743392944,False,-16.773333333333333,2,8859.073776245117,True,-37.10666666666667,2,8.765895128250122,False,-21.0,2
2025-09-22 13:29:01.434155,2362.6021547317505,False,-17.413333333333334,2,3603.1001576185226,False,-16.826666666666668,2,1025.8043866157532,False,-17.093333333333334,2,1045.1249380111694,False,-16.773333333333333,2,8817.908737182617,True,-37.10666666666667,2,5.259477138519287,False,-16.186666666666667,2
2025-09-22 13:29:01.454887,2336.2535219192505,False,-17.413333333333334,2,3622.6958607435226,False,-16.826666666666668,2,979.8449139595032,False,-17.093333333333334,2,1085.0106801986694,False,-16.773333333333333,2,8786.106979370117,True,-37.10666666666667,2,8.765895128250122,False,-16.186666666666667,2
2025-09-22 13:29:01.475154,2336.2535219192505,False,-17.413333333333334,2,3729.6275013685226,False,-16.826666666666668,2,979.8449139595032,False,-17.093333333333334,2,1097.151915550232,False,-16.773333333333333,2,8756.178268432617,True,-37.10666666666667,2,8.765895128250122,False,-16.186666666666667,2
2025-09-22 13:29:01.496471,2350.3057680130005,False,-17.413333333333334,2,3768.8543080091476,False,-16.826666666666668,2,1008.1261639595032,False,-17.093333333333334,2,1098.886534690857,False,-16.773333333333333,2,8716.904830932617,True,-37.10666666666667,2,8.765895128250122,False,-16.186666666666667,2
2025-09-22 13:29:01.520091,2348.5489320755005,False,-17.413333333333334,2,3718.9309681653976,False,-16.826666666666668,2,985.1473431587219,False,-17.093333333333334,2,1140.522521018982,False,-16.773333333333333,2,8677.640182495117,True,-37.10666666666667,2,10.519134044647217,False,-16.186666666666667,2
2025-09-22 13:29:01.538496,2287.0799379348755,False,-17.413333333333334,2,3717.1482533216476,False,-16.826666666666668,2,1004.5908246040344,False,-17.093333333333334,2,1057.262999534607,False,-16.773333333333333,2,8643.990768432617,True,-37.10666666666667,2,10.519134044647217,False,-16.186666666666667,2
2025-09-22 13:29:01.558813,2339.7662172317505,False,-17.413333333333334,2,3724.2793568372726,False,-16.826666666666668,2,1070.008427143097,False,-17.093333333333334,2,1048.5929555892944,False,-16.773333333333333,2,8608.480026245117,True,-37.10666666666667,2,8.765895128250122,False,-16.186666666666667,2
2025-09-22 13:29:01.579288,2262.4988832473755,False,-17.413333333333334,2,3681.4988392591476,False,-16.826666666666668,2,1054.0935101509094,False,-17.093333333333334,2,1081.5419301986694,False,-16.773333333333333,2,8572.976119995117,True,-37.10666666666667,2,10.519134044647217,False,-16.186666666666667,2
2025-09-22 13:29:01.599721,2294.1038637161255,False,-17.413333333333334,2,3665.4592884778976,False,-16.826666666666668,2,1032.876102924347,False,-17.093333333333334,2,1067.6676626205444,False,-16.773333333333333,2,8541.213424682617,True,-37.10666666666667,2,12.272392749786377,False,-16.186666666666667,2
2025-09-22 13:29:01.624043,2343.2794008255005,False,-17.413333333333334,2,3685.0637806653976,False,-16.826666666666668,2,1022.2688031196594,False,-17.093333333333334,2,1057.262999534607,False,-16.773333333333333,2,8503.855026245117,True,-37.10666666666667,2,10.519134044647217,False,-16.186666666666667,2
2025-09-22 13:29:01.641283,2338.0098695755005,False,-17.413333333333334,2,3676.1526478528976,False,-16.826666666666668,2,997.5201458930969,False,-17.093333333333334,2,1046.8588247299194,False,-16.773333333333333,2,8468.369674682617,True,-37.10666666666667,2,8.765895128250122,False,-16.186666666666667,2
2025-09-22 13:29:01.661591,2287.0799379348755,False,-17.413333333333334,2,3569.2583607435226,False,-16.826666666666668,2,979.8449139595032,False,-17.093333333333334,2,1057.262999534607,False,-16.773333333333333,2,8432.893112182617,True,-37.10666666666667,2,8.765895128250122,False,-16.186666666666667,2
2025-09-22 13:29:01.682128,2258.9874086380005,False,-17.413333333333334,2,3569.2583607435226,False,-16.826666666666668,2,1013.4293866157532,False,-17.093333333333334,2,1057.262999534607,False,-16.773333333333333,2,8406.756393432617,True,-37.10666666666667,2,8.765895128250122,False,-16.186666666666667,2
2025-09-22 13:29:01.702327,2329.2273988723755,False,-17.413333333333334,2,3604.8816517591476,False,-16.826666666666668,2,1020.5007977485657,False,-17.093333333333334,2,1053.7948598861694,False,-16.773333333333333,2,8369.425338745117,True,-37.10666666666667,2,5.259477138519287,False,-16.186666666666667,2
2025-09-22 13:29:01.722947,2320.4459047317505,False,-17.413333333333334,2,3512.2788685560226,False,-16.826666666666668,2,985.1473431587219,False,-17.093333333333334,2,1090.213927268982,False,-16.773333333333333,2,8307.844284057617,True,-37.10666666666667,2,8.765895128250122,False,-16.186666666666667,2
2025-09-22 13:29:01.743670,2364.3585023880005,False,-17.413333333333334,2,3733.1934193372726,False,-16.826666666666668,2,1002.8231244087219,False,-17.093333333333334,2,1027.786925315857,False,-16.773333333333333,2,8304.111862182617,True,-37.10666666666667,2,8.765895128250122,False,-16.186666666666667,2
2025-09-22 13:29:01.764143,2306.3963441848755,False,-17.413333333333334,2,3706.4526966810226,False,-16.826666666666668,2,988.6821942329407,False,-17.093333333333334,2,1079.807433128357,False,-16.773333333333333,2,8270.531784057617,True,-37.10666666666667,2,7.012676119804382,False,-16.186666666666667,2
2025-09-22 13:29:01.784766,2332.7400941848755,False,-17.413333333333334,2,3774.2046498060226,False,-16.826666666666668,2,992.2173504829407,False,-17.093333333333334,2,1045.1249380111694,False,-16.773333333333333,2,8210.850143432617,True,-37.10666666666667,2,10.519134044647217,False,-16.186666666666667,2
2025-09-22 13:29:01.805077,2316.9334535598755,False,-17.413333333333334,2,3701.1050404310226,False,-16.826666666666668,2,965.7061810493469,False,-17.093333333333334,2,1102.355772972107,False,-16.773333333333333,2,8207.121627807617,True,-37.10666666666667,2,8.765895128250122,False,-16.186666666666667,2
2025-09-22 13:29:01.825494,2320.4459047317505,False,-12.8,2,3736.7588490247726,False,-16.826666666666668,2,1031.1081585884094,False,-17.093333333333334,2,1064.1994009017944,False,-16.773333333333333,2,8147.459518432617,True,-37.10666666666667,2,10.519134044647217,False,-16.186666666666667,2
2025-09-22 13:29:01.846329,2290.5916566848755,False,-12.8,2,3720.7136830091476,False,-16.826666666666668,2,1002.8231244087219,False,-17.093333333333334,2,1105.825011253357,False,-16.773333333333333,2,8115.772994995117,True,-37.10666666666667,2,8.765895128250122,False,-16.186666666666667,2
2025-09-22 13:29:01.866895,2287.0799379348755,False,-12.8,2,3717.1482533216476,False,-12.2,2,1024.0364422798157,False,-12.453333333333333,2,1081.5419301986694,False,-16.773333333333333,2,8100.862838745117,True,-37.10666666666667,2,7.012676119804382,False,-16.186666666666667,2
2025-09-22 13:29:01.887369,2280.0562562942505,False,-12.8,2,3720.7136830091476,False,-12.2,2,1048.788944721222,False,-12.453333333333333,2,1124.9076528549194,False,-12.146666666666665,2,8069.184127807617,True,-37.10666666666667,2,5.259477138519287,False,-16.186666666666667,2
2025-09-22 13:29:01.907599,2292.3480043411255,False,-12.8,2,3679.7168568372726,False,-12.2,2,1031.1081585884094,False,-12.453333333333333,2,1058.9970083236694,False,-12.146666666666665,2,8041.235885620117,True,-37.10666666666667,2,7.012676119804382,False,-11.6,2
2025-09-22 13:29:01.928421,2353.8187074661255,False,-12.8,2,3718.9309681653976,False,-12.2,2,1011.6616864204407,False,-12.453333333333333,2,1036.4557485580444,False,-12.146666666666665,2,8011.430221557617,True,-37.10666666666667,2,7.012676119804382,False,-11.6,2
2025-09-22 13:29:01.951757,2295.8599672317505,False,-12.8,2,3535.4243763685226,False,-12.2,2,992.2173504829407,False,-12.453333333333333,2,1124.9076528549194,False,-12.146666666666665,2,7977.904830932617,True,-37.10666666666667,2,8.765895128250122,False,-11.6,2
2025-09-22 13:29:01.968968,2274.7889223098755,False,-12.8,2,3695.7576283216476,False,-12.2,2,1015.1972699165344,False,-12.453333333333333,2,1067.6676626205444,False,-12.146666666666665,2,7948.108932495117,True,-37.10666666666667,2,10.519134044647217,False,-11.6,2
2025-09-22 13:29:01.988985,2367.8724184036255,False,-12.8,2,3583.5066517591476,False,-12.2,2,981.6123700141907,False,-12.453333333333333,2,1045.1249380111694,False,-12.146666666666665,2,7918.319381713867,True,-37.10666666666667,2,7.012676119804382,False,-11.6,2
2025-09-22 13:29:02.009476,2306.3963441848755,False,-12.8,2,3533.6438587903976,False,-12.2,2,1052.3251996040344,False,-12.453333333333333,2,1074.6046743392944,False,-12.146666666666665,2,7892.256393432617,True,-37.10666666666667,2,7.012676119804382,False,-11.6,2
2025-09-22 13:29:02.029703,2355.5752992630005,False,-12.8,2,3669.0239857435226,False,-12.2,2,1002.8231244087219,False,-12.453333333333333,2,1116.233458518982,False,-12.146666666666665,2,7862.474655151367,True,-37.10666666666667,2,10.519134044647217,False,-11.6,2
2025-09-22 13:29:02.049956,2297.6158266067505,False,-12.8,2,3701.1050404310226,False,-12.2,2,993.9848675727844,False,-12.453333333333333,2,1048.5929555892944,False,-12.146666666666665,2,7832.698287963867,True,-37.10666666666667,2,8.765895128250122,False,-11.6,2
2025-09-22 13:29:02.070137,2297.6158266067505,False,-12.8,2,3743.8904408216476,False,-12.2,2,1013.4293866157532,False,-12.453333333333333,2,1140.522521018982,False,-12.146666666666665,2,7801.066940307617,True,-37.10666666666667,2,8.765895128250122,False,-11.6,2
2025-09-22 13:29:02.090177,2336.2535219192505,False,-12.8,2,3699.3225697278976,False,-12.2,2,1070.008427143097,False,-12.453333333333333,2,1058.9970083236694,False,-12.146666666666665,2,7773.161178588867,True,-37.10666666666667,2,10.519134044647217,False,-11.6,2
2025-09-22 13:29:02.110348,2323.9583559036255,False,-12.8,2,3758.1553333997726,False,-12.2,2,1018.7330365180969,False,-12.453333333333333,2,1140.522521018982,False,-12.146666666666665,2,7747.119186401367,True,-37.10666666666667,2,12.272392749786377,False,-11.6,2
2025-09-22 13:29:02.130425,2329.2273988723755,False,-12.8,2,3745.6741322278976,False,-12.2,2,1004.5908246040344,False,-12.453333333333333,2,1091.948546409607,False,-12.146666666666665,2,7715.502487182617,True,-37.10666666666667,2,7.012676119804382,False,-11.6,2
2025-09-22 13:29:02.150674,2274.7889223098755,False,-12.8,2,3731.4104603528976,False,-12.2,2,1009.8939251899719,False,-12.453333333333333,2,1093.682921409607,False,-12.146666666666665,2,7687.610397338867,True,-37.10666666666667,2,8.765895128250122,False,-11.6,2
2025-09-22 13:29:02.172349,2281.8123598098755,False,-12.8,2,3620.9146107435226,False,-12.2,2,1070.008427143097,False,-12.453333333333333,2,1083.2763051986694,False,-12.146666666666665,2,7659.722702026367,True,-37.10666666666667,2,8.765895128250122,False,-11.6,2
2025-09-22 13:29:02.192410,2262.4988832473755,False,-12.8,2,3633.3855580091476,False,-12.2,2,1070.008427143097,False,-12.453333333333333,2,1039.9232778549194,False,-12.146666666666665,2,7648.568405151367,True,-37.10666666666667,2,8.765895128250122,False,-11.6,2
2025-09-22 13:29:02.212591,2280.0562562942505,False,-12.8,2,3661.8955677747726,False,-12.2,2,1071.776493549347,False,-12.453333333333333,2,1022.5857534408569,False,-12.146666666666665,2,7603.958541870117,True,-37.10666666666667,2,8.765895128250122,False,-11.6,2
2025-09-22 13:29:02.233143,2287.0799379348755,False,-12.8,2,3619.1331166028976,False,-12.2,2,997.5201458930969,False,-12.453333333333333,2,1027.786925315857,False,-12.146666666666665,2,7570.509323120117,True,-37.10666666666667,2,7.012676119804382,False,-11.6,2
2025-09-22 13:29:02.253599,2304.6402406692505,False,-12.8,2,3718.9309681653976,False,-12.2,2,1009.8939251899719,False,-12.453333333333333,2,1088.479552268982,False,-12.146666666666665,2,7542.639694213867,True,-37.10666666666667,2,8.765895128250122,False,-11.6,2
2025-09-22 13:29:02.273985,2339.7662172317505,False,-12.8,2,3629.8225697278976,False,-12.2,2,983.3798260688782,False,-12.453333333333333,2,1046.8588247299194,False,-12.146666666666665,2,7516.630905151367,True,-37.10666666666667,2,10.519134044647217,False,-11.6,2
2025-09-22 13:29:02.294598,2394.2264223098755,False,-8.613333333333333,2,3588.8501576185226,False,-12.2,2,981.6123700141907,False,-12.453333333333333,2,1060.731017112732,False,-12.146666666666665,2,7514.774459838867,True,-37.10666666666667,2,7.012676119804382,False,-11.6,2
2025-09-22 13:29:02.314804,2352.0621156692505,False,-8.613333333333333,2,3588.8501576185226,False,-7.986666666666666,2,990.4497723579407,False,-12.453333333333333,2,1060.731017112732,False,-12.146666666666665,2,7481.341842651367,True,-37.10666666666667,2,7.012676119804382,False,-11.6,2
2025-09-22 13:29:02.335122,2415.3126039505005,False,-8.613333333333333,2,3774.2046498060226,False,-7.986666666666666,2,985.1473431587219,False,-8.253333333333334,2,1123.1727895736694,False,-7.826666666666666,2,7446.057662963867,True,-37.10666666666667,2,7.012676119804382,False,-11.6,2
2025-09-22 13:29:02.355388,2329.2273988723755,False,-8.613333333333333,2,3843.7710560560226,False,-7.986666666666666,2,1001.0554242134094,False,-8.253333333333334,2,1128.377257347107,False,-7.826666666666666,2,7420.064498901367,True,-37.10666666666667,2,10.519134044647217,False,-11.6,2
2025-09-22 13:29:02.376673,2325.7147035598755,False,-8.613333333333333,2,3720.7136830091476,False,-7.986666666666666,2,971.0079998970032,False,-8.253333333333334,2,1046.8588247299194,False,-7.826666666666666,2,7368.087936401367,True,-37.10666666666667,2,8.765895128250122,False,-7.279999999999999,2
2025-09-22 13:29:02.397168,2325.7147035598755,False,-8.613333333333333,2,3677.9348744153976,False,-7.986666666666666,2,1039.948368549347,False,-8.253333333333334,2,1046.8588247299194,False,-7.826666666666666,2,7368.087936401367,True,-37.10666666666667,2,8.765895128250122,False,-7.279999999999999,2
2025-09-22 13:29:02.417319,2304.6402406692505,False,-8.613333333333333,2,3702.8877552747726,False,-7.986666666666666,2,1070.008427143097,False,-8.253333333333334,2,1105.825011253357,False,-7.826666666666666,2,7342.106002807617,True,-37.10666666666667,2,7.012676119804382,False,-7.279999999999999,2
2025-09-22 13:29:02.437482,2241.4324769973755,False,-8.613333333333333,2,3717.1482533216476,False,-7.986666666666666,2,1048.788944721222,False,-8.253333333333334,2,1109.294493675232,False,-7.826666666666666,2,7316.126510620117,True,-37.10666666666667,2,8.765895128250122,False,-7.279999999999999,2
2025-09-22 13:29:02.458003,2255.4761781692505,False,-8.613333333333333,2,3649.4219349622726,False,-7.986666666666666,2,1002.8231244087219,False,-8.253333333333334,2,1083.2763051986694,False,-7.826666666666666,2,7266.037155151367,True,-37.10666666666667,2,7.012676119804382,False,-7.279999999999999,2
2025-09-22 13:29:02.478179,2301.1280336380005,False,-8.613333333333333,2,3571.0393666028976,False,-7.986666666666666,2,1020.5007977485657,False,-8.253333333333334,2,1083.2763051986694,False,-7.826666666666666,2,7266.037155151367,True,-37.10666666666667,2,10.519134044647217,False,-7.279999999999999,2
2025-09-22 13:29:02.498764,2281.8123598098755,False,-8.613333333333333,2,3647.6399525403976,False,-7.986666666666666,2,1015.1972699165344,False,-8.253333333333334,2,1039.9232778549194,False,-7.826666666666666,2,7240.068893432617,True,-37.10666666666667,2,8.765895128250122,False,-7.279999999999999,2
2025-09-22 13:29:02.518773,2308.1526918411255,False,-8.613333333333333,2,3519.4002064466476,False,-7.986666666666666,2,951.5686688423157,False,-8.253333333333334,2,1005.2504262924194,False,-7.826666666666666,2,7193.709030151367,True,-37.10666666666667,2,8.765895128250122,False,-7.279999999999999,2
2025-09-22 13:29:02.539332,2322.2022523880005,False,-8.613333333333333,2,3583.5066517591476,False,-7.986666666666666,2,971.0079998970032,False,-8.253333333333334,2,1043.3910512924194,False,-7.826666666666666,2,7191.854537963867,True,-37.10666666666667,2,7.012676119804382,False,-7.279999999999999,2
2025-09-22 13:29:02.559780,2318.6893129348755,False,-8.613333333333333,2,3576.3823841810226,False,-7.986666666666666,2,990.4497723579407,False,-8.253333333333334,2,1074.6046743392944,False,-7.826666666666666,2,7165.898483276367,True,-37.10666666666667,2,8.765895128250122,False,-7.279999999999999,2
2025-09-22 13:29:02.580020,2388.9551820755005,False,-8.613333333333333,2,3569.2583607435226,False,-7.986666666666666,2,955.1028485298157,False,-8.253333333333334,2,1164.815489768982,False,-7.826666666666666,2,7145.505905151367,True,-37.10666666666667,2,7.012676119804382,False,-7.279999999999999,2
2025-09-22 13:29:02.602227,2364.3585023880005,False,-8.613333333333333,2,3767.0713490247726,False,-7.986666666666666,2,976.3101239204407,False,-8.253333333333334,2,1097.151915550232,False,-7.826666666666666,2,7110.289596557617,True,-37.10666666666667,2,10.519134044647217,False,-7.279999999999999,2
2025-09-22 13:29:02.622366,2392.4693422317505,False,-8.613333333333333,2,3793.8230580091476,False,-7.986666666666666,2,997.5201458930969,False,-8.253333333333334,2,1097.151915550232,False,-7.826666666666666,2,7093.610885620117,True,-37.10666666666667,2,8.765895128250122,False,-7.279999999999999,2
2025-09-22 13:29:02.642694,2325.7147035598755,False,-8.613333333333333,2,3875.8894642591476,False,-7.986666666666666,2,993.9848675727844,False,-8.253333333333334,2,1090.213927268982,False,-7.826666666666666,2,7063.963424682617,True,-37.10666666666667,2,12.272392749786377,False,-7.279999999999999,2
2025-09-22 13:29:02.663166,2371.3860902786255,False,-8.613333333333333,2,3717.1482533216476,False,-7.986666666666666,2,972.7753949165344,False,-8.253333333333334,2,1062.4652700424194,False,-7.826666666666666,2,7039.877975463867,True,-37.10666666666667,2,8.765895128250122,False,-7.279999999999999,2
2025-09-22 13:29:02.683484,2348.5489320755005,False,-8.613333333333333,2,3784.9048451185226,False,-7.986666666666666,2,1041.7163128852844,False,-8.253333333333334,2,1065.9335317611694,False,-7.826666666666666,2,7015.796920776367,True,-37.10666666666667,2,8.765895128250122,False,-7.279999999999999,2
2025-09-22 13:29:02.703745,2301.1280336380005,False,-8.613333333333333,2,3677.9348744153976,False,-7.986666666666666,2,1032.876102924347,False,-8.253333333333334,2,1083.2763051986694,False,-7.826666666666666,2,6991.718307495117,True,-37.10666666666667,2,8.765895128250122,False,-7.279999999999999,2
2025-09-22 13:29:02.724489,2246.6985902786255,False,-8.613333333333333,2,3774.2046498060226,False,-7.986666666666666,2,1002.8231244087219,False,-8.253333333333334,2,1130.1122426986694,False,-7.826666666666666,2,6971.346725463867,True,-37.10666666666667,2,8.765895128250122,False,-7.279999999999999,2
2025-09-22 13:29:02.744202,2232.6551332473755,False,-8.613333333333333,2,3699.3225697278976,False,-7.986666666666666,2,1121.299686908722,False,-8.253333333333334,2,1112.7638540267944,False,-7.826666666666666,2,6947.273971557617,True,-37.10666666666667,2,12.272392749786377,False,-7.279999999999999,2
2025-09-22 13:29:02.764781,2255.4761781692505,False,-4.293333333333333,2,3583.5066517591476,False,-3.6933333333333334,2,1032.876102924347,False,-3.96,2,1123.1727895736694,False,-7.826666666666666,2,6921.354537963867,True,-37.10666666666667,2,7.012676119804382,False,-7.279999999999999,2
2025-09-22 13:29:02.785032,2250.2095766067505,False,-4.293333333333333,2,3658.3311146497726,False,-3.6933333333333334,2,1008.1261639595032,False,-3.96,2,1031.254210472107,False,-3.6533333333333333,2,6899.139205932617,True,-37.10666666666667,2,10.519134044647217,False,-7.279999999999999,2
2025-09-22 13:29:02.805342,2302.8841371536255,False,-4.293333333333333,2,3574.6013783216476,False,-3.6933333333333334,2,932.1314740180969,False,-3.96,2,1001.7835683822632,False,-3.6533333333333333,2,6869.525436401367,True,-37.10666666666667,2,8.765895128250122,False,-7.279999999999999,2
2025-09-22 13:29:02.825598,2283.5679750442505,False,-4.293333333333333,2,3560.3538197278976,False,-3.6933333333333334,2,976.3101239204407,False,-3.96,2,1027.786925315857,False,-3.6533333333333333,2,6852.869186401367,True,-37.10666666666667,2,8.765895128250122,False,-3.1066666666666665,2
2025-09-22 13:29:02.847083,2283.5679750442505,False,-3.4000000000000004,2,3514.0588978528976,False,-3.6933333333333334,2,976.3101239204407,False,-3.96,2,1064.1994009017944,False,-3.6533333333333333,2,6830.663619995117,True,-37.10666666666667,2,10.519134044647217,False,-3.1066666666666665,2
2025-09-22 13:29:02.866144,2359.0887269973755,False,-3.4000000000000004,2,3635.1677845716476,False,-2.8000000000000003,2,1013.4293866157532,False,-3.0666666666666664,2,1102.355772972107,False,-3.6533333333333333,2,6830.663619995117,True,-37.10666666666667,2,7.012676119804382,False,-3.1066666666666665,2
2025-09-22 13:29:02.886505,2338.0098695755005,False,-3.4000000000000004,2,3804.5247181653976,False,-2.8000000000000003,2,1004.5908246040344,False,-3.0666666666666664,2,1142.2575063705444,False,-2.7466666666666666,2,6786.260787963867,True,-37.10666666666667,2,8.765895128250122,False,-3.1066666666666665,2
2025-09-22 13:29:02.906949,2383.6844301223755,False,-3.4000000000000004,2,3772.4209583997726,False,-2.8000000000000003,2,988.6821942329407,False,-3.0666666666666664,2,1109.294493675232,False,-2.7466666666666666,2,6777.011276245117,True,-37.10666666666667,2,8.765895128250122,False,-2.2133333333333334,2
2025-09-22 13:29:02.926992,2371.3860902786255,False,-3.4000000000000004,2,3711.8003529310226,False,-2.8000000000000003,2,1013.4293866157532,False,-3.0666666666666664,2,1078.0731801986694,False,-2.7466666666666666,2,6754.815475463867,True,-37.10666666666667,2,8.765895128250122,False,-2.2133333333333334,2
2025-09-22 13:29:02.947837,2341.5228090286255,False,-3.4000000000000004,2,3692.1929310560226,False,-2.8000000000000003,2,955.1028485298157,False,-3.0666666666666664,2,1135.3173208236694,False,-2.7466666666666666,2,6734.472702026367,True,-37.10666666666667,2,8.765895128250122,False,-2.2133333333333334,2
2025-09-22 13:29:02.968333,2367.8724184036255,False,-3.4000000000000004,2,3702.8877552747726,False,-2.8000000000000003,2,1027.572147846222,False,-3.0666666666666664,2,1090.213927268982,False,-2.7466666666666666,2,6691.942428588867,True,-37.10666666666667,2,8.765895128250122,False,-2.2133333333333334,2
2025-09-22 13:29:02.988778,2345.0357484817505,False,-3.4000000000000004,2,3699.3225697278976,False,-2.8000000000000003,2,1048.788944721222,False,-3.0666666666666664,2,1055.528868675232,False,-2.7466666666666666,2,6673.454635620117,True,-37.10666666666667,2,8.765895128250122,False,-2.2133333333333334,2
2025-09-22 13:29:03.008842,2260.7432680130005,False,-3.4000000000000004,2,3645.8584583997726,False,-2.8000000000000003,2,1206.2314496040344,False,-3.0666666666666664,2,1104.0905141830444,False,-2.7466666666666666,2,6669.757858276367,True,-37.10666666666667,2,10.519134044647217,False,-2.2133333333333334,2
2025-09-22 13:29:03.028967,2234.4105043411255,False,-1.6,2,3647.6399525403976,False,-2.8000000000000003,2,1013.4293866157532,False,-3.0666666666666664,2,1081.5419301986694,False,-2.7466666666666666,2,6629.092330932617,True,-37.10666666666667,2,10.519134044647217,False,-2.2133333333333334,2
2025-09-22 13:29:03.054747,2257.2320375442505,False,-1.6,2,3686.8460072278976,False,-1.0133333333333332,2,1025.8043866157532,False,-3.0666666666666664,2,1067.6676626205444,False,-2.7466666666666666,2,6606.915573120117,True,-37.10666666666667,2,10.519134044647217,False,-2.2133333333333334,2
2025-09-22 13:29:03.072315,2283.5679750442505,False,-1.6,2,3631.6040638685226,False,-1.0133333333333332,2,985.1473431587219,False,-1.28,2,1026.0531606674194,False,-2.7466666666666666,2,6586.589401245117,True,-37.10666666666667,2,7.012676119804382,False,-2.2133333333333334,2
2025-09-22 13:29:03.090976,2269.5218324661255,False,-1.6,2,3615.5698841810226,False,-1.0133333333333332,2,1001.0554242134094,False,-1.28,2,1069.401915550232,False,-0.9466666666666667,2,6586.589401245117,True,-37.10666666666667,2,7.012676119804382,False,-2.2133333333333334,2
2025-09-22 13:29:03.111453,2281.8123598098755,False,-1.6,2,3587.0686634778976,False,-1.0133333333333332,2,999.2877240180969,False,-1.28,2,1013.9179067611694,False,-0.9466666666666667,2,6566.264694213867,True,-37.10666666666667,2,10.519134044647217,False,-0.4,2
2025-09-22 13:29:03.131661,2339.7662172317505,False,-0.7066666666666667,2,3549.6694935560226,False,-0.13333333333333333,2,990.4497723579407,False,-1.28,2,1079.807433128357,False,-0.9466666666666667,2,6525.623580932617,True,-37.10666666666667,2,10.519134044647217,False,-0.4,2
2025-09-22 13:29:03.151730,2352.0621156692505,False,-0.7066666666666667,2,2605.1978138685226,False,-0.13333333333333333,2,983.3798260688782,False,-0.3866666666666667,2,1069.401915550232,False,-0.9466666666666667,2,6505.307174682617,True,-37.10666666666667,2,-1.7531189918518066,False,-0.4,2
2025-09-22 13:29:03.172780,2360.8453187942505,False,-0.7066666666666667,2,352.6724842786789,False,-0.13333333333333333,2,974.5427289009094,False,-0.3866666666666667,2,994.8501577377319,False,-0.9466666666666667,2,6501.612838745117,True,-37.10666666666667,2,1.7531392574310303,False,-0.4,2
2025-09-22 13:29:03.193356,1855.680157661438,False,-0.7066666666666667,2,47.10259521007538,False,-0.13333333333333333,2,582.6484417915344,False,-0.3866666666666667,2,10.326186180114746,False,-0.08,2,6475.759323120117,True,-37.10666666666667,2,1.7531392574310303,False,-0.4,2
2025-09-22 13:29:03.213501,710.4725160598755,False,-0.7066666666666667,2,40.12372100353241,False,-0.13333333333333333,2,3.514738082885742,False,-0.3866666666666667,2,0.0,False,-0.08,2,6436.986373901367,True,-37.10666666666667,2,1.7531392574310303,False,-0.0,2
2025-09-22 13:29:03.233728,427.016583442688,False,-0.0,2,26.166718363761902,False,-0.13333333333333333,2,1.7573604583740234,False,-0.3866666666666667,2,0.0,False,-0.08,2,6435.140182495117,True,-37.10666666666667,2,3.5062981843948364,False,-0.0,2
2025-09-22 13:29:03.254116,256.7942934036255,False,-0.0,2,20.93310058116913,False,-0.0,2,1.7573604583740234,False,-0.3866666666666667,2,0.0,False,-0.08,2,6416.679733276367,True,-37.10666666666667,2,1.7531392574310303,False,-0.0,2
2025-09-22 13:29:03.275474,117.94582843780518,False,-0.0,2,13.955153346061707,False,-0.0,2,0.0,False,-0.0,2,0.0,False,-0.08,2,6396.375534057617,True,-37.10666666666667,2,1.7531392574310303,False,-0.0,2
2025-09-22 13:29:03.295732,79.7793550491333,False,-0.0,2,13.955153346061707,False,-0.0,2,1.7573604583740234,False,-0.0,2,0.0,False,-0.08,2,6376.073287963867,True,-37.10666666666667,2,3.5062981843948364,False,-0.0,2
2025-09-22 13:29:03.315880,55.49536609649658,False,-0.0,2,12.210703730583191,False,-0.0,2,1.7573604583740234,False,-0.0,2,0.0,False,-0.0,2,6352.084030151367,True,-37.10666666666667,2,1.7531392574310303,False,-0.0,2
2025-09-22 13:29:03.336017,39.88575458526611,False,-0.0,2,10.46627128124237,False,-0.0,2,1.7573604583740234,False,-0.0,2,0.0,False,-0.0,2,6331.787643432617,True,-37.10666666666667,2,1.7531392574310303,False,-0.0,2
2025-09-22 13:29:03.356230,29.48002338409424,False,-0.0,2,10.46627128124237,False,-0.0,2,0.0,False,-0.0,2,0.0,False,-0.0,2,6313.337936401367,True,-37.10666666666667,2,3.5062981843948364,False,-0.0,2
2025-09-22 13:29:03.376505,20.808979988098145,False,-0.0,2,8.72185504436493,False,-0.0,2,0.0,False,-0.0,2,0.0,False,-0.0,2,6294.890670776367,True,-37.10666666666667,2,3.5062981843948364,False,-0.0,2
2025-09-22 13:29:03.397920,17.340672492980957,False,-0.0,2,8.72185504436493,False,-0.0,2,-1.7573437690734863,False,-0.0,2,0.0,False,-0.0,2,6294.890670776367,True,-37.10666666666667,2,1.7531392574310303,False,-0.0,2
2025-09-22 13:29:03.418126,12.138314247131348,False,-0.0,2,8.72185504436493,False,-0.0,2,1.7573604583740234,False,-0.0,2,0.0,False,-0.0,2,6259.846725463867,True,-37.10666666666667,2,1.7531392574310303,False,-0.0,2
2025-09-22 13:29:03.438507,8.670149803161621,False,-0.0,2,6.977453112602234,False,-0.0,2,0.0,False,-0.0,2,0.0,False,-0.0,2,6241.405319213867,True,-37.10666666666667,2,1.7531392574310303,False,-0.0,2
2025-09-22 13:29:03.458878,6.936093330383301,False,-0.0,2,6.977453112602234,False,-0.0,2,0.0,False,-0.0,2,0.0,False,-0.0,2,6222.965377807617,True,-37.10666666666667,2,1.7531392574310303,False,-0.0,2
2025-09-22 13:29:03.479062,6.936093330383301,False,-0.0,2,6.977453112602234,False,-0.0,2,0.0,False,-0.0,2,0.0,False,-0.0,2,6204.527877807617,True,-37.10666666666667,2,1.7531392574310303,False,-0.0,2
2025-09-22 13:29:03.499560,5.2020463943481445,False,-0.0,2,6.977453112602234,False,-0.0,2,0.0,False,-0.0,2,0.0,False,-0.0,2,6186.091842651367,True,-37.10666666666667,2,1.7531392574310303,False,-0.0,2
2025-09-22 13:29:03.520056,5.2020463943481445,False,-0.0,2,6.977453112602234,False,-0.0,2,1.7573604583740234,False,-0.0,2,1.7209768295288086,False,-0.0,2,6167.659225463867,True,-37.10666666666667,2,1.7531392574310303,False,-0.0,2
2025-09-22 13:29:03.540049,5.2020463943481445,False,-0.0,2,5.233066439628601,False,-0.0,2,0.0,False,-0.0,2,-1.7209539413452148,False,-0.0,2,6149.226608276367,True,-37.10666666666667,2,3.5062981843948364,False,-0.0,2
2025-09-22 13:29:03.560378,5.2020463943481445,False,-0.0,2,5.233066439628601,False,-0.0,2,-1.7573437690734863,False,-0.0,2,-1.7209539413452148,False,-0.0,2,6132.639694213867,True,-37.10666666666667,2,1.7531392574310303,False,-0.0,2
2025-09-22 13:29:03.580705,3.4680166244506836,False,-0.0,2,6.977453112602234,False,-0.0,2,7.029545307159424,False,-0.0,2,0.0,False,-0.0,2,6112.370651245117,True,-37.10666666666667,2,1.7531392574310303,False,-0.0,2
2025-09-22 13:29:03.601071,3.4680166244506836,False,-0.0,2,5.233066439628601,False,-0.0,2,0.0,False,-0.0,2,6.884037971496582,False,-0.0,2,6108.684616088867,True,-37.10666666666667,2,1.7531392574310303,False,-0.0,2
2025-09-22 13:29:03.621651,3.4680166244506836,False,-0.0,2,5.233066439628601,False,-0.0,2,-3.5146689414978027,False,-0.0,2,-3.4418869018554688,False,-0.0,2,6073.678268432617,True,-37.10666666666667,2,1.7531392574310303,False,-0.0,2
2025-09-22 13:29:03.642582,3.4680166244506836,False,-0.0,2,5.233066439628601,False,-0.0,2,0.0,False,-0.0,2,0.0,False,-0.0,2,6057.098678588867,True,-37.10666666666667,2,1.7531392574310303,False,-0.0,2
2025-09-22 13:29:03.662530,3.4680166244506836,False,-0.0,2,80.2556141614914,False,-0.0,2,-1.7573437690734863,False,-0.0,2,0.0,False,-0.0,2,6038.679733276367,True,-37.10666666666667,2,1.7531392574310303,False,-0.0,2
2025-09-22 13:29:03.682756,3.4680166244506836,False,-0.0,2,82.00066268444061,False,-0.0,2,1.7573604583740234,False,-0.0,2,1.7209768295288086,False,-0.0,2,6040.521041870117,True,-37.10666666666667,2,1.7531392574310303,False,-0.0,2
2025-09-22 13:29:03.703294,1.7340002059936523,False,-0.0,2,76.76554763317108,False,-0.0,2,0.0,False,-0.0,2,56.80370235443115,False,-0.0,2,6022.103073120117,True,-37.10666666666667,2,1.7531392574310303,False,-0.0,2
2025-09-22 13:29:03.724120,6.936093330383301,False,-0.0,2,13.955153346061707,False,-0.0,2,31.635136127471924,False,-0.0,2,18.931939125061035,False,-0.0,2,5988.956100463867,False,-37.10666666666667,2,1.7531392574310303,False,-0.0,2
2025-09-22 13:29:03.746473,6.936093330383301,False,-0.0,2,8.72185504436493,False,-0.0,2,26.36222505569458,False,-0.0,2,-13.7670259475708,False,-0.0,2,5988.956100463867,False,-37.10666666666667,2,1.7531392574310303,False,-0.0,2
2025-09-22 13:29:03.764624,-5.201913833618164,False,-0.0,2,6.977453112602234,False,-0.0,2,-8.786545276641846,False,-0.0,2,0.0,False,-0.0,2,5955.815475463867,False,-37.10666666666667,2,1.7531392574310303,False,-0.0,2
2025-09-22 13:29:03.784892,8.670149803161621,False,-0.0,2,-3.48863422870636,False,-0.0,2,0.0,False,-0.0,2,-3.4418869018554688,False,-0.0,2,5939.248092651367,False,-37.10666666666667,2,1.7531392574310303,False,-0.0,2
2025-09-22 13:29:03.805357,5.2020463943481445,False,-0.0,2,-1.744324803352356,False,-0.0,2,1.7573604583740234,False,-0.0,2,-5.162797689437866,False,-0.0,2,5920.840866088867,False,-37.10666666666667,2,1.7531392574310303,False,-0.0,2
2025-09-22 13:29:03.825702,0.0,False,-0.0,2,15.699616312980652,False,-0.0,2,0.0,False,-0.0,2,-10.32539975643158,False,-0.0,2,5920.840866088867,False,-37.10666666666667,2,1.7531392574310303,False,-0.0,2
2025-09-22 13:29:03.847849,1.7340002059936523,False,-0.0,2,13.955153346061707,False,-0.0,2,0.0,False,-0.0,2,8.60509967803955,False,-0.0,2,5889.553756713867,False,-37.10666666666667,2,1.7531392574310303,False,-0.0,2
2025-09-22 13:29:03.868333,8.670149803161621,False,-0.0,2,5.233066439628601,False,-0.0,2,1.7573604583740234,False,-0.0,2,3.441974639892578,False,-0.0,2,5872.992233276367,False,-37.10666666666667,2,1.7531392574310303,False,-0.0,2
2025-09-22 13:29:03.888695,15.606535911560059,False,-0.0,2,5.233066439628601,False,-0.0,2,7.029545307159424,False,-0.0,2,-1.7209539413452148,False,-0.0,2,5856.432174682617,False,-37.10666666666667,2,1.7531392574310303,False,-0.0,2
2025-09-22 13:29:03.909060,15.606535911560059,False,-0.0,2,5.233066439628601,False,-0.0,2,3.514738082885742,False,-0.0,2,0.0,False,-0.0,2,5841.713912963867,False,-37.10666666666667,2,1.7531392574310303,False,-0.0,2
2025-09-22 13:29:03.929475,6.936093330383301,False,-0.0,2,5.233066439628601,False,-0.0,2,-3.5146689414978027,False,-0.0,2,3.441974639892578,False,-0.0,2,5839.874069213867,False,-37.10666666666667,2,1.7531392574310303,False,-0.0,2
2025-09-22 13:29:03.950330,0.0,False,-0.0,2,1.7443400621414185,False,-0.0,2,-3.5146689414978027,False,-0.0,2,0.0,False,-0.0,2,5808.601608276367,False,-37.10666666666667,2,1.7531392574310303,False,-0.0,2
2025-09-22 13:29:03.970632,1.7340002059936523,False,-0.0,2,3.488695979118347,False,-0.0,2,1.7573604583740234,False,-0.0,2,-1.7209539413452148,False,-0.0,2,5793.888229370117,False,-37.10666666666667,2,1.7531392574310303,False,-0.0,2
2025-09-22 13:29:03.991092,3.4680166244506836,False,-0.0,2,3.488695979118347,False,-0.0,2,-3.5146689414978027,False,-0.0,2,1.7209768295288086,False,-0.0,2,5777.335494995117,False,-37.10666666666667,2,1.7531392574310303,False,-0.0,2
2025-09-22 13:29:04.011298,3.4680166244506836,False,-0.0,2,3.488695979118347,False,-0.0,2,0.0,False,-0.0,2,0.0,False,-0.0,2,5771.817916870117,False,-37.10666666666667,2,3.5062981843948364,False,-0.0,2
2025-09-22 13:29:04.031492,0.0,False,-0.0,2,5.233066439628601,False,-0.0,2,-1.7573437690734863,False,-0.0,2,3.441974639892578,False,-0.0,2,5764.462448120117,False,-37.10666666666667,2,1.7531392574310303,False,-0.0,2
2025-09-22 13:29:04.052179,1.7340002059936523,False,-0.0,2,3.488695979118347,False,-0.0,2,0.0,False,-0.0,2,1.7209768295288086,False,-0.0,2,5731.365768432617,False,-37.10666666666667,2,1.7531392574310303,False,-0.0,2
2025-09-22 13:29:04.072250,1.7340002059936523,False,-0.0,2,3.488695979118347,False,-0.0,2,0.0,False,-0.0,2,0.0,False,-0.0,2,5714.819869995117,False,-37.10666666666667,2,1.7531392574310303,False,-0.0,2
2025-09-22 13:29:04.092777,1.7340002059936523,False,-0.0,2,3.488695979118347,False,-0.0,2,0.0,False,-0.0,2,0.0,False,-0.0,2,5700.113815307617,False,-37.10666666666667,2,1.7531392574310303,False,-0.0,2
2025-09-22 13:29:04.112809,1.7340002059936523,False,-0.0,2,3.488695979118347,False,-0.0,2,0.0,False,-0.0,2,1.7209768295288086,False,-0.0,2,5685.409225463867,False,-37.10666666666667,2,3.5062981843948364,False,-0.0,2
2025-09-22 13:29:04.133094,0.0,False,-0.0,2,3.488695979118347,False,-0.0,2,0.0,False,-0.0,2,0.0,False,-0.0,2,5670.705123901367,False,-37.10666666666667,2,1.7531392574310303,False,-0.0,2
2025-09-22 13:29:04.154172,1.7340002059936523,False,-0.0,2,3.488695979118347,False,-0.0,2,0.0,False,-0.0,2,0.0,False,-0.0,2,5656.002975463867,False,-37.10666666666667,2,1.7531392574310303,False,-0.0,2
2025-09-22 13:29:04.173843,1.7340002059936523,False,-0.0,2,3.488695979118347,False,-0.0,2,0.0,False,-0.0,2,0.0,False,-0.0,2,5639.464401245117,False,-37.10666666666667,2,1.7531392574310303,False,-0.0,2
2025-09-22 13:29:04.193951,1.7340002059936523,False,-0.0,2,3.488695979118347,False,-0.0,2,0.0,False,-0.0,2,0.0,False,-0.0,2,5626.601608276367,False,-37.10666666666667,2,1.7531392574310303,False,-0.0,2
2025-09-22 13:29:04.214341,1.7340002059936523,False,-0.0,2,3.488695979118347,False,-0.0,2,0.0,False,-0.0,2,0.0,False,-0.0,2,5610.066452026367,False,-37.10666666666667,2,1.7531392574310303,False,-0.0,2
2025-09-22 13:29:04.234487,1.7340002059936523,False,-0.0,2,3.488695979118347,False,-0.0,2,0.0,False,-0.0,2,0.0,False,-0.0,2,5595.369674682617,False,-37.10666666666667,2,1.7531392574310303,False,-0.0,2
2025-09-22 13:29:04.254768,1.7340002059936523,False,-0.0,2,1.7443400621414185,False,-0.0,2,0.0,False,-0.0,2,0.0,False,-0.0,2,5582.510299682617,False,-37.10666666666667,2,1.7531392574310303,False,-0.0,2
2025-09-22 13:29:04.276668,1.7340002059936523,False,-0.0,2,3.488695979118347,False,-0.0,2,0.0,False,-0.0,2,0.0,False,-0.0,2,5565.979537963867,False,-37.10666666666667,2,1.7531392574310303,False,-0.0,2
2025-09-22 13:29:04.295620,1.7340002059936523,False,-0.0,2,3.488695979118347,False,-0.0,2,1.7573604583740234,False,-0.0,2,0.0,False,-0.0,2,5553.122116088867,False,-37.10666666666667,2,1.7531392574310303,False,-0.0,2
2025-09-22 13:29:04.316088,1.7340002059936523,False,-0.0,2,3.488695979118347,False,-0.0,2,0.0,False,-0.0,2,0.0,False,-0.0,2,5538.430221557617,False,-37.10666666666667,2,1.7531392574310303,False,-0.0,2
2025-09-22 13:29:04.336364,1.7340002059936523,False,-0.0,2,1.7443400621414185,False,-0.0,2,0.0,False,-0.0,2,0.0,False,-0.0,2,5523.739791870117,False,-37.10666666666667,2,1.7531392574310303,False,-0.0,2
2025-09-22 13:29:04.356516,1.7340002059936523,False,-0.0,2,1.7443400621414185,False,-0.0,2,0.0,False,-0.0,2,0.0,False,-0.0,2,5509.050338745117,False,-37.10666666666667,2,1.7531392574310303,False,-0.0,2
2025-09-22 13:29:04.378422,0.0,False,-0.0,2,1.7443400621414185,False,-0.0,2,0.0,False,-0.0,2,0.0,False,-0.0,2,5496.198287963867,False,-37.10666666666667,2,1.7531392574310303,False,-0.0,2
2025-09-22 13:29:04.398424,0.0,False,-0.0,2,1.7443400621414185,False,-0.0,2,-1.7573437690734863,False,-0.0,2,-1.7209539413452148,False,-0.0,2,5479.674850463867,False,-37.10666666666667,2,1.7531392574310303,False,-0.0,2
2025-09-22 13:29:04.418834,3.4680166244506836,False,-0.0,2,3.488695979118347,False,-0.0,2,5.272132992744446,False,-0.0,2,3.441974639892578,False,-0.0,2,5466.824752807617,False,-37.10666666666667,2,1.7531392574310303,False,-0.0,2
2025-09-22 13:29:04.439313,6.936093330383301,False,-0.0,2,-6.977206826210022,False,-0.0,2,-5.27197790145874,False,-0.0,2,-29.25326442718506,False,-0.0,2,5446.633346557617,False,-37.10666666666667,2,1.7531392574310303,False,-0.0,2
2025-09-22 13:29:04.459587,0.0,False,-0.0,2,3.488695979118347,False,-0.0,2,-1.7573437690734863,False,-0.0,2,13.76842212677002,False,-0.0,2,5452.140182495117,False,-37.10666666666667,2,1.7531392574310303,False,-0.0,2
2025-09-22 13:29:04.479911,0.0,False,-0.0,2,3.488695979118347,False,-0.0,2,1.7573604583740234,False,-0.0,2,0.0,False,-0.0,2,5422.775436401367,False,-37.10666666666667,2,1.7531392574310303,False,-0.0,2
2025-09-22 13:29:04.501899,3.4680166244506836,False,-0.0,2,3.488695979118347,False,-0.0,2,3.514738082885742,False,-0.0,2,1.7209768295288086,False,-0.0,2,5408.094772338867,False,-37.10666666666667,2,1.7531392574310303,False,-0.0,2
2025-09-22 13:29:04.522074,0.0,False,-0.0,2,3.488695979118347,False,-0.0,2,0.0,False,-0.0,2,0.0,False,-0.0,2,5395.249557495117,False,-37.10666666666667,2,1.7531392574310303,False,-0.0,2
2025-09-22 13:29:04.542505,1.7340002059936523,False,-0.0,2,3.488695979118347,False,-0.0,2,0.0,False,-0.0,2,1.7209768295288086,False,-0.0,2,5382.407272338867,False,-37.10666666666667,2,1.7531392574310303,False,-0.0,2
2025-09-22 13:29:04.562846,0.0,False,-0.0,2,1.7443400621414185,False,-0.0,2,0.0,False,-0.0,2,0.0,False,-0.0,2,5382.407272338867,False,-37.10666666666667,2,1.7531392574310303,False,-0.0,2
2025-09-22 13:29:04.583321,1.7340002059936523,False,-0.0,2,3.488695979118347,False,-0.0,2,-1.7573437690734863,False,-0.0,2,0.0,False,-0.0,2,5356.721725463867,False,-37.10666666666667,2,1.7531392574310303,False,-0.0,2
2025-09-22 13:29:04.604278,0.0,False,-0.0,2,1.7443400621414185,False,-0.0,2,-1.7573437690734863,False,-0.0,2,0.0,False,-0.0,2,5343.881881713867,False,-37.10666666666667,2,1.7531392574310303,False,-0.0,2
2025-09-22 13:29:04.624392,0.0,False,-0.0,2,3.488695979118347,False,-0.0,2,-1.7573437690734863,False,-0.0,2,0.0,False,-0.0,2,5331.042037963867,False,-37.10666666666667,2,1.7531392574310303,False,-0.0,2
2025-09-22 13:29:04.644694,0.0,False,-0.0,2,1.7443400621414185,False,-0.0,2,-1.7573437690734863,False,-0.0,2,0.0,False,-0.0,2,5318.204147338867,False,-37.10666666666667,2,1.7531392574310303,False,-0.0,2
2025-09-22 13:29:04.665054,0.0,False,-0.0,2,1.7443400621414185,False,-0.0,2,-8.786545276641846,False,-0.0,2,0.0,False,-0.0,2,5320.038131713867,False,-37.10666666666667,2,1.7531392574310303,False,-0.0,2
2025-09-22 13:29:04.685385,0.0,False,-0.0,2,0.0,False,-0.0,2,14.059367179870605,False,-0.0,2,10.326186180114746,False,-0.0,2,5294.362838745117,False,-37.10666666666667,2,1.7531392574310303,False,-0.0,2
2025-09-22 13:29:04.706423,8.670149803161621,False,-0.0,2,15.699616312980652,False,-0.0,2,14.059367179870605,False,-0.0,2,13.76842212677002,False,-0.0,2,5285.195358276367,False,-37.10666666666667,2,1.7531392574310303,False,-0.0,2
2025-09-22 13:29:04.728360,0.0,False,-0.0,2,5.233066439628601,False,-0.0,2,1.7573604583740234,False,-0.0,2,-1.7209539413452148,False,-0.0,2,5268.693405151367,False,-37.10666666666667,2,1.7531392574310303,False,-0.0,2
2025-09-22 13:29:04.747481,0.0,False,-0.0,2,0.0,False,-0.0,2,-5.27197790145874,False,-0.0,2,-6.883686661720276,False,-0.0,2,5265.025924682617,False,-37.10666666666667,2,1.7531392574310303,False,-0.0,2
2025-09-22 13:29:04.767932,1.7340002059936523,False,-0.0,2,3.488695979118347,False,-0.0,2,1.7573604583740234,False,-0.0,2,1.7209768295288086,False,-0.0,2,5243.026412963867,False,-37.10666666666667,2,1.7531392574310303,False,-0.0,2
2025-09-22 13:29:04.788223,1.7340002059936523,False,-0.0,2,1.7443400621414185,False,-0.0,2,-1.7573437690734863,False,-0.0,2,5.162994384765625,False,-0.0,2,5243.026412963867,False,-37.10666666666667,2,1.7531392574310303,False,-0.0,2
2025-09-22 13:29:04.808584,1.7340002059936523,False,-0.0,2,3.488695979118347,False,-0.0,2,-10.543799877166748,False,-0.0,2,8.60509967803955,False,-0.0,2,5230.194381713867,False,-37.10666666666667,2,1.7531392574310303,False,-0.0,2
2025-09-22 13:29:04.829092,5.2020463943481445,False,-0.0,2,-1.744324803352356,False,-0.0,2,-10.543799877166748,False,-0.0,2,3.441974639892578,False,-0.0,2,5206.366256713867,False,-37.10666666666667,2,1.7531392574310303,False,-0.0,2
2025-09-22 13:29:04.849352,1.7340002059936523,False,-0.0,2,3.488695979118347,False,-0.0,2,0.0,False,-0.0,2,-1.7209539413452148,False,-0.0,2,5206.366256713867,False,-37.10666666666667,2,1.7531392574310303,False,-0.0,2
2025-09-22 13:29:04.869638,0.0,False,-0.0,2,1.7443400621414185,False,-0.0,2,-1.7573437690734863,False,-0.0,2,0.0,False,-0.0,2,5184.374069213867,False,-37.10666666666667,2,1.7531392574310303,False,-0.0,2
2025-09-22 13:29:04.889970,1.7340002059936523,False,-0.0,2,1.7443400621414185,False,-0.0,2,-1.7573437690734863,False,-0.0,2,0.0,False,-0.0,2,5175.211959838867,False,-37.10666666666667,2,1.7531392574310303,False,-0.0,2
2025-09-22 13:29:04.910423,1.7340002059936523,False,-0.0,2,3.488695979118347,False,-0.0,2,0.0,False,-0.0,2,0.0,False,-0.0,2,5162.385787963867,False,-37.10666666666667,2,1.7531392574310303,False,-0.0,2
2025-09-22 13:29:04.930842,0.0,False,-0.0,2,1.7443400621414185,False,-0.0,2,0.0,False,-0.0,2,0.0,False,-0.0,2,5151.392135620117,False,-37.10666666666667,2,1.7531392574310303,False,-0.0,2
2025-09-22 13:29:04.951996,0.0,False,-0.0,2,1.7443400621414185,False,-0.0,2,0.0,False,-0.0,2,0.0,False,-0.0,2,5140.399459838867,False,-37.10666666666667,2,1.7531392574310303,False,-0.0,2
2025-09-22 13:29:04.971783,0.0,False,-0.0,2,1.7443400621414185,False,-0.0,2,0.0,False,-0.0,2,0.0,False,-0.0,2,5127.575241088867,False,-37.10666666666667,2,1.7531392574310303,False,-0.0,2
2025-09-22 13:29:04.992004,0.0,False,-0.0,2,1.7443400621414185,False,-0.0,2,0.0,False,-0.0,2,0.0,False,-0.0,2,5114.752487182617,False,-37.10666666666667,2,1.7531392574310303,False,-0.0,2
2025-09-22 13:29:05.012466,1.7340002059936523,False,-0.0,2,1.7443400621414185,False,-0.0,2,0.0,False,-0.0,2,0.0,False,-0.0,2,5101.930709838867,False,-37.10666666666667,2,3.5062981843948364,False,-0.0,2
2025-09-22 13:29:05.033040,1.7340002059936523,False,-0.0,2,1.7443400621414185,False,-0.0,2,0.0,False,-0.0,2,0.0,False,-0.0,2,5090.940963745117,False,-37.10666666666667,2,1.7531392574310303,False,-0.0,2
2025-09-22 13:29:05.053620,0.0,False,-0.0,2,1.7443400621414185,False,-0.0,2,0.0,False,-0.0,2,1.7209768295288086,False,-0.0,2,5079.952194213867,False,-37.10666666666667,2,1.7531392574310303,False,-0.0,2
2025-09-22 13:29:05.073894,1.7340002059936523,False,-0.0,2,1.7443400621414185,False,-0.0,2,-1.7573437690734863,False,-0.0,2,0.0,False,-0.0,2,5067.132858276367,False,-37.10666666666667,2,1.7531392574310303,False,-0.0,2
2025-09-22 13:29:05.094044,1.7340002059936523,False,-0.0,2,1.7443400621414185,False,-0.0,2,-1.7573437690734863,False,-0.0,2,0.0,False,-0.0,2,5054.314987182617,False,-37.10666666666667,2,1.7531392574310303,False,-0.0,2
2025-09-22 13:29:05.114619,0.0,False,-0.0,2,1.7443400621414185,False,-0.0,2,0.0,False,-0.0,2,0.0,False,-0.0,2,5045.159713745117,False,-37.10666666666667,2,1.7531392574310303,False,-0.0,2
2025-09-22 13:29:05.136208,0.0,False,-0.0,2,1.7443400621414185,False,-0.0,2,0.0,False,-0.0,2,0.0,False,-0.0,2,5028.681198120117,False,-37.10666666666667,2,1.7531392574310303,False,-0.0,2
2025-09-22 13:29:05.156521,0.0,False,-0.0,2,1.7443400621414185,False,-0.0,2,0.0,False,-0.0,2,0.0,False,-0.0,2,5015.866744995117,False,-37.10666666666667,2,1.7531392574310303,False,-0.0,2
2025-09-22 13:29:05.176912,0.0,False,-0.0,2,1.7443400621414185,False,-0.0,2,0.0,False,-0.0,2,0.0,False,-0.0,2,5004.882858276367,False,-37.10666666666667,2,1.7531392574310303,False,-0.0,2
2025-09-22 13:29:05.196976,1.7340002059936523,False,-0.0,2,1.7443400621414185,False,-0.0,2,0.0,False,-0.0,2,0.0,False,-0.0,2,4993.899948120117,False,-37.10666666666667,2,3.5062981843948364,False,-0.0,2
2025-09-22 13:29:05.217042,1.7340002059936523,False,-0.0,2,1.7443400621414185,False,-0.0,2,0.0,False,-0.0,2,0.0,False,-0.0,2,4982.916549682617,False,-37.10666666666667,2,1.7531392574310303,False,-0.0,2
2025-09-22 13:29:05.237548,1.7340002059936523,False,-0.0,2,1.7443400621414185,False,-0.0,2,0.0,False,-0.0,2,0.0,False,-0.0,2,4971.935104370117,False,-37.10666666666667,2,1.7531392574310303,False,-0.0,2
2025-09-22 13:29:05.257752,0.0,False,-0.0,2,1.7443400621414185,False,-0.0,2,-1.7573437690734863,False,-0.0,2,0.0,False,-0.0,2,4960.954635620117,False,-37.10666666666667,2,1.7531392574310303,False,-0.0,2
2025-09-22 13:29:05.278279,0.0,False,-0.0,2,1.7443400621414185,False,-0.0,2,0.0,False,-0.0,2,0.0,False,-0.0,2,4949.975143432617,False,-37.10666666666667,2,1.7531392574310303,False,-0.0,2
2025-09-22 13:29:05.298332,1.7340002059936523,False,-0.0,2,1.7443400621414185,False,-0.0,2,0.0,False,-0.0,2,0.0,False,-0.0,2,4949.975143432617,False,-37.10666666666667,2,3.5062981843948364,False,-0.0,2
2025-09-22 13:29:05.318514,0.0,False,-0.0,2,1.7443400621414185,False,-0.0,2,0.0,False,-0.0,2,0.0,False,-0.0,2,4926.187057495117,False,-37.10666666666667,2,1.7531392574310303,False,-0.0,2
2025-09-22 13:29:05.339001,0.0,False,-0.0,1,0.0,False,-0.0,1,0.0,False,-0.0,2,-1.7209539413452148,False,-0.0,2,4915.209030151367,False,-37.10666666666667,2,1.7531392574310303,False,-0.0,2
